<?xml version="1.0" encoding="UTF-8"?>
<!-- IMPORTANT: This is an internal file that has been generated
     by the Xilinx ISE software.  Any direct editing or
     changes made to this file may result in unpredictable
     behavior or data corruption.  It is strongly advised that
     users do not edit the contents of this file. -->
<DeviceUsageSummary rev="6">
<DesignStatistics TimeStamp="Tue Jul 03 12:00:13 2018"><group name="NetStatistics">
<item name="NumNets_Active" rev="6">
<attrib name="value" value="3423"/></item>
<item name="NumNets_Gnd" rev="6">
<attrib name="value" value="1"/></item>
<item name="NumNets_Vcc" rev="6">
<attrib name="value" value="1"/></item>
<item name="NumNodesOfType_Active_BOUNCEACROSS" rev="6">
<attrib name="value" value="49"/></item>
<item name="NumNodesOfType_Active_BOUNCEIN" rev="6">
<attrib name="value" value="372"/></item>
<item name="NumNodesOfType_Active_BUFGOUT" rev="6">
<attrib name="value" value="7"/></item>
<item name="NumNodesOfType_Active_BUFHINP2OUT" rev="6">
<attrib name="value" value="29"/></item>
<item name="NumNodesOfType_Active_BUFIOINP" rev="6">
<attrib name="value" value="2"/></item>
<item name="NumNodesOfType_Active_CLKPIN" rev="6">
<attrib name="value" value="594"/></item>
<item name="NumNodesOfType_Active_CLKPINFEED" rev="6">
<attrib name="value" value="57"/></item>
<item name="NumNodesOfType_Active_CNTRLPIN" rev="6">
<attrib name="value" value="470"/></item>
<item name="NumNodesOfType_Active_DOUBLE" rev="6">
<attrib name="value" value="4281"/></item>
<item name="NumNodesOfType_Active_GENERIC" rev="6">
<attrib name="value" value="62"/></item>
<item name="NumNodesOfType_Active_GLOBAL" rev="6">
<attrib name="value" value="167"/></item>
<item name="NumNodesOfType_Active_INPUT" rev="6">
<attrib name="value" value="466"/></item>
<item name="NumNodesOfType_Active_IOBIN2OUT" rev="6">
<attrib name="value" value="39"/></item>
<item name="NumNodesOfType_Active_IOBOUTPUT" rev="6">
<attrib name="value" value="41"/></item>
<item name="NumNodesOfType_Active_LUTINPUT" rev="6">
<attrib name="value" value="4987"/></item>
<item name="NumNodesOfType_Active_OUTBOUND" rev="6">
<attrib name="value" value="3351"/></item>
<item name="NumNodesOfType_Active_OUTPUT" rev="6">
<attrib name="value" value="3332"/></item>
<item name="NumNodesOfType_Active_PADINPUT" rev="6">
<attrib name="value" value="29"/></item>
<item name="NumNodesOfType_Active_PADOUTPUT" rev="6">
<attrib name="value" value="24"/></item>
<item name="NumNodesOfType_Active_PINBOUNCE" rev="6">
<attrib name="value" value="2230"/></item>
<item name="NumNodesOfType_Active_PINFEED" rev="6">
<attrib name="value" value="6110"/></item>
<item name="NumNodesOfType_Active_PINFEED1" rev="6">
<attrib name="value" value="4"/></item>
<item name="NumNodesOfType_Active_PINFEED2" rev="6">
<attrib name="value" value="12"/></item>
<item name="NumNodesOfType_Active_QUAD" rev="6">
<attrib name="value" value="3739"/></item>
<item name="NumNodesOfType_Active_REGINPUT" rev="6">
<attrib name="value" value="1284"/></item>
<item name="NumNodesOfType_Active_SINGLE" rev="6">
<attrib name="value" value="5006"/></item>
<item name="NumNodesOfType_Gnd_BOUNCEACROSS" rev="6">
<attrib name="value" value="2"/></item>
<item name="NumNodesOfType_Gnd_BOUNCEIN" rev="6">
<attrib name="value" value="91"/></item>
<item name="NumNodesOfType_Gnd_CNTRLPIN" rev="6">
<attrib name="value" value="7"/></item>
<item name="NumNodesOfType_Gnd_DOUBLE" rev="6">
<attrib name="value" value="18"/></item>
<item name="NumNodesOfType_Gnd_GENERIC" rev="6">
<attrib name="value" value="25"/></item>
<item name="NumNodesOfType_Gnd_HGNDOUT" rev="6">
<attrib name="value" value="53"/></item>
<item name="NumNodesOfType_Gnd_INPUT" rev="6">
<attrib name="value" value="190"/></item>
<item name="NumNodesOfType_Gnd_IOBIN2OUT" rev="6">
<attrib name="value" value="25"/></item>
<item name="NumNodesOfType_Gnd_IOBINPUT" rev="6">
<attrib name="value" value="4"/></item>
<item name="NumNodesOfType_Gnd_IOBOUTPUT" rev="6">
<attrib name="value" value="25"/></item>
<item name="NumNodesOfType_Gnd_LUTINPUT" rev="6">
<attrib name="value" value="25"/></item>
<item name="NumNodesOfType_Gnd_OUTBOUND" rev="6">
<attrib name="value" value="10"/></item>
<item name="NumNodesOfType_Gnd_OUTPUT" rev="6">
<attrib name="value" value="11"/></item>
<item name="NumNodesOfType_Gnd_PADINPUT" rev="6">
<attrib name="value" value="25"/></item>
<item name="NumNodesOfType_Gnd_PINBOUNCE" rev="6">
<attrib name="value" value="143"/></item>
<item name="NumNodesOfType_Gnd_PINFEED" rev="6">
<attrib name="value" value="224"/></item>
<item name="NumNodesOfType_Gnd_QUAD" rev="6">
<attrib name="value" value="2"/></item>
<item name="NumNodesOfType_Gnd_REGINPUT" rev="6">
<attrib name="value" value="67"/></item>
<item name="NumNodesOfType_Gnd_SINGLE" rev="6">
<attrib name="value" value="28"/></item>
<item name="NumNodesOfType_Vcc_CLKPIN" rev="6">
<attrib name="value" value="1"/></item>
<item name="NumNodesOfType_Vcc_CNTRLPIN" rev="6">
<attrib name="value" value="6"/></item>
<item name="NumNodesOfType_Vcc_GENERIC" rev="6">
<attrib name="value" value="2"/></item>
<item name="NumNodesOfType_Vcc_HVCCOUT" rev="6">
<attrib name="value" value="236"/></item>
<item name="NumNodesOfType_Vcc_INPUT" rev="6">
<attrib name="value" value="298"/></item>
<item name="NumNodesOfType_Vcc_IOBIN2OUT" rev="6">
<attrib name="value" value="6"/></item>
<item name="NumNodesOfType_Vcc_IOBOUTPUT" rev="6">
<attrib name="value" value="2"/></item>
<item name="NumNodesOfType_Vcc_KVCCOUT" rev="6">
<attrib name="value" value="66"/></item>
<item name="NumNodesOfType_Vcc_LUTINPUT" rev="6">
<attrib name="value" value="813"/></item>
<item name="NumNodesOfType_Vcc_PADINPUT" rev="6">
<attrib name="value" value="2"/></item>
<item name="NumNodesOfType_Vcc_PINBOUNCE" rev="6">
<attrib name="value" value="43"/></item>
<item name="NumNodesOfType_Vcc_PINFEED" rev="6">
<attrib name="value" value="1085"/></item>
<item name="NumNodesOfType_Vcc_REGINPUT" rev="6">
<attrib name="value" value="4"/></item>
</group>
<group name="MiscellaneousStatistics">
<item name="AGG_BONDED_IO" rev="5">
<attrib name="value" value="91"/></item>
<item name="AGG_IO" rev="5">
<attrib name="value" value="91"/></item>
<item name="AGG_LOCED_IO" rev="5">
<attrib name="value" value="76"/></item>
<item name="AGG_SLICE" rev="5">
<attrib name="value" value="597"/></item>
<item name="NUM_BONDED_IOB" rev="5">
<attrib name="value" value="83"/></item>
<item name="NUM_BONDED_IOBM" rev="5">
<attrib name="value" value="4"/></item>
<item name="NUM_BONDED_IOBS" rev="5">
<attrib name="value" value="4"/></item>
<item name="NUM_BSCAN" rev="5">
<attrib name="value" value="1"/></item>
<item name="NUM_BSFULL" rev="5">
<attrib name="value" value="1327"/></item>
<item name="NUM_BSLUTONLY" rev="5">
<attrib name="value" value="332"/></item>
<item name="NUM_BSREGONLY" rev="5">
<attrib name="value" value="491"/></item>
<item name="NUM_BSUSED" rev="5">
<attrib name="value" value="2150"/></item>
<item name="NUM_BUFG" rev="5">
<attrib name="value" value="7"/></item>
<item name="NUM_BUFIO2" rev="5">
<attrib name="value" value="1"/></item>
<item name="NUM_BUFIO2FB" rev="5">
<attrib name="value" value="1"/></item>
<item name="NUM_ILOGIC2" rev="5">
<attrib name="value" value="2"/></item>
<item name="NUM_IOB_FF" rev="5">
<attrib name="value" value="8"/></item>
<item name="NUM_LOCED_IOB" rev="5">
<attrib name="value" value="68"/></item>
<item name="NUM_LOCED_IOBM" rev="5">
<attrib name="value" value="4"/></item>
<item name="NUM_LOCED_IOBS" rev="5">
<attrib name="value" value="4"/></item>
<item name="NUM_LOGIC_O5ANDO6" rev="5">
<attrib name="value" value="397"/></item>
<item name="NUM_LOGIC_O5ONLY" rev="5">
<attrib name="value" value="138"/></item>
<item name="NUM_LOGIC_O6ONLY" rev="5">
<attrib name="value" value="609"/></item>
<item name="NUM_LUT_RT_DRIVES_CARRY4" rev="5">
<attrib name="value" value="12"/></item>
<item name="NUM_LUT_RT_DRIVES_FLOP" rev="5">
<attrib name="value" value="407"/></item>
<item name="NUM_LUT_RT_EXO5" rev="5">
<attrib name="value" value="406"/></item>
<item name="NUM_LUT_RT_EXO6" rev="5">
<attrib name="value" value="12"/></item>
<item name="NUM_LUT_RT_O5" rev="5">
<attrib name="value" value="76"/></item>
<item name="NUM_LUT_RT_O5ANDO6" rev="5">
<attrib name="value" value="1"/></item>
<item name="NUM_LUT_RT_O6" rev="5">
<attrib name="value" value="134"/></item>
<item name="NUM_OLOGIC2" rev="5">
<attrib name="value" value="5"/></item>
<item name="NUM_PLL_ADV" rev="5">
<attrib name="value" value="1"/></item>
<item name="NUM_RAMB16BWER" rev="5">
<attrib name="value" value="5"/></item>
<item name="NUM_RAMB8BWER" rev="5">
<attrib name="value" value="3"/></item>
<item name="NUM_RPM" rev="5">
<attrib name="value" value="10"/></item>
<item name="NUM_SLICEL" rev="5">
<attrib name="value" value="153"/></item>
<item name="NUM_SLICEM" rev="5">
<attrib name="value" value="39"/></item>
<item name="NUM_SLICEX" rev="5">
<attrib name="value" value="405"/></item>
<item name="NUM_SLICE_CARRY4" rev="5">
<attrib name="value" value="144"/></item>
<item name="NUM_SLICE_CONTROLSET" rev="5">
<attrib name="value" value="137"/></item>
<item name="NUM_SLICE_CYINIT" rev="5">
<attrib name="value" value="2301"/></item>
<item name="NUM_SLICE_F7MUX" rev="5">
<attrib name="value" value="32"/></item>
<item name="NUM_SLICE_F8MUX" rev="5">
<attrib name="value" value="2"/></item>
<item name="NUM_SLICE_FF" rev="5">
<attrib name="value" value="2291"/></item>
<item name="NUM_SLICE_LATCH" rev="5">
<attrib name="value" value="66"/></item>
<item name="NUM_SLICE_LATCHLOGIC" rev="5">
<attrib name="value" value="1"/></item>
<item name="NUM_SLICE_UNUSEDCTRL" rev="5">
<attrib name="value" value="13"/></item>
<item name="NUM_SRL_O5ONLY" rev="5">
<attrib name="value" value="2"/></item>
<item name="NUM_SRL_O6ONLY" rev="5">
<attrib name="value" value="94"/></item>
<item name="NUM_UNUSABLE_FF_BELS" rev="5">
<attrib name="value" value="499"/></item>
<item name="Xilinx Core chipscope_icon_v1_06_a, Xilinx CORE Generator 14.7" rev="5">
<attrib name="value" value="1"/></item>
<item name="Xilinx Core chipscope_ila_v1_05_a, Xilinx CORE Generator 14.7" rev="5">
<attrib name="value" value="1"/></item>
<item name="Xilinx Core fifo_generator_v8_2, Xilinx CORE Generator 14.7" rev="5">
<attrib name="value" value="1"/></item>
<item name="Xilinx Core fifo_generator_v9_3, Xilinx CORE Generator 14.7" rev="5">
<attrib name="value" value="2"/></item>
</group>
<group name="SiteStatistics">
<item name="BUFG-BUFGMUX" rev="6">
<attrib name="value" value="7"/></item>
<item name="IOB-IOBM" rev="6">
<attrib name="value" value="42"/></item>
<item name="IOB-IOBS" rev="6">
<attrib name="value" value="41"/></item>
<item name="SLICEL-SLICEM" rev="6">
<attrib name="value" value="153"/></item>
<item name="SLICEX-SLICEM" rev="6">
<attrib name="value" value="106"/></item>
</group>
</DesignStatistics>
<DeviceUsage TimeStamp="Tue Jul 03 12:00:13 2018"><group name="SiteSummary">
<item name="BSCAN" rev="6">
<attrib name="total" value="1000000"/><attrib name="used" value="1"/></item>
<item name="BSCAN_BSCAN" rev="6">
<attrib name="total" value="1000000"/><attrib name="used" value="1"/></item>
<item name="BUFG" rev="6">
<attrib name="total" value="1000000"/><attrib name="used" value="7"/></item>
<item name="BUFG_BUFG" rev="6">
<attrib name="total" value="1000000"/><attrib name="used" value="7"/></item>
<item name="BUFIO2" rev="6">
<attrib name="total" value="1000000"/><attrib name="used" value="1"/></item>
<item name="BUFIO2FB" rev="6">
<attrib name="total" value="1000000"/><attrib name="used" value="1"/></item>
<item name="BUFIO2FB_BUFIO2FB" rev="6">
<attrib name="total" value="1000000"/><attrib name="used" value="1"/></item>
<item name="BUFIO2_BUFIO2" rev="6">
<attrib name="total" value="1000000"/><attrib name="used" value="1"/></item>
<item name="CARRY4" rev="6">
<attrib name="total" value="1000000"/><attrib name="used" value="144"/></item>
<item name="FF_SR" rev="6">
<attrib name="total" value="1000000"/><attrib name="used" value="549"/></item>
<item name="HARD0" rev="6">
<attrib name="total" value="1000000"/><attrib name="used" value="8"/></item>
<item name="HARD1" rev="6">
<attrib name="total" value="1000000"/><attrib name="used" value="28"/></item>
<item name="ILOGIC2" rev="6">
<attrib name="total" value="1000000"/><attrib name="used" value="2"/></item>
<item name="ILOGIC2_IFF" rev="6">
<attrib name="total" value="1000000"/><attrib name="used" value="2"/></item>
<item name="IOB" rev="6">
<attrib name="total" value="1000000"/><attrib name="used" value="83"/></item>
<item name="IOBM" rev="6">
<attrib name="total" value="1000000"/><attrib name="used" value="4"/></item>
<item name="IOBM_OUTBUF" rev="6">
<attrib name="total" value="1000000"/><attrib name="used" value="4"/></item>
<item name="IOBS" rev="6">
<attrib name="total" value="1000000"/><attrib name="used" value="4"/></item>
<item name="IOB_IMUX" rev="6">
<attrib name="total" value="1000000"/><attrib name="used" value="39"/></item>
<item name="IOB_INBUF" rev="6">
<attrib name="total" value="1000000"/><attrib name="used" value="39"/></item>
<item name="IOB_OUTBUF" rev="6">
<attrib name="total" value="1000000"/><attrib name="used" value="43"/></item>
<item name="LUT5" rev="6">
<attrib name="total" value="1000000"/><attrib name="used" value="1011"/></item>
<item name="LUT6" rev="6">
<attrib name="total" value="1000000"/><attrib name="used" value="1136"/></item>
<item name="LUT_OR_MEM5" rev="6">
<attrib name="total" value="1000000"/><attrib name="used" value="9"/></item>
<item name="LUT_OR_MEM6" rev="6">
<attrib name="total" value="1000000"/><attrib name="used" value="111"/></item>
<item name="NULLMUX" rev="6">
<attrib name="total" value="1000000"/><attrib name="used" value="7"/></item>
<item name="OLOGIC2" rev="6">
<attrib name="total" value="1000000"/><attrib name="used" value="5"/></item>
<item name="OLOGIC2_OUTFF" rev="6">
<attrib name="total" value="1000000"/><attrib name="used" value="5"/></item>
<item name="OLOGIC2_T1USED" rev="6">
<attrib name="total" value="1000000"/><attrib name="used" value="1"/></item>
<item name="OLOGIC2_TFF" rev="6">
<attrib name="total" value="1000000"/><attrib name="used" value="1"/></item>
<item name="PAD" rev="6">
<attrib name="total" value="1000000"/><attrib name="used" value="91"/></item>
<item name="PLL_ADV" rev="6">
<attrib name="total" value="1000000"/><attrib name="used" value="1"/></item>
<item name="PLL_ADV_PLL_ADV" rev="6">
<attrib name="total" value="1000000"/><attrib name="used" value="1"/></item>
<item name="RAMB16BWER" rev="6">
<attrib name="total" value="1000000"/><attrib name="used" value="5"/></item>
<item name="RAMB16BWER_RAMB16BWER" rev="6">
<attrib name="total" value="1000000"/><attrib name="used" value="5"/></item>
<item name="RAMB8BWER" rev="6">
<attrib name="total" value="1000000"/><attrib name="used" value="3"/></item>
<item name="RAMB8BWER_RAMB8BWER" rev="6">
<attrib name="total" value="1000000"/><attrib name="used" value="3"/></item>
<item name="REG_SR" rev="6">
<attrib name="total" value="1000000"/><attrib name="used" value="1809"/></item>
<item name="SELMUX2_1" rev="6">
<attrib name="total" value="1000000"/><attrib name="used" value="36"/></item>
<item name="SLICEL" rev="6">
<attrib name="total" value="1000000"/><attrib name="used" value="153"/></item>
<item name="SLICEM" rev="6">
<attrib name="total" value="1000000"/><attrib name="used" value="39"/></item>
<item name="SLICEX" rev="6">
<attrib name="total" value="1000000"/><attrib name="used" value="405"/></item>
</group>
</DeviceUsage>
<ReportConfigData TimeStamp="Tue Jul 03 12:00:13 2018"><group name="REG_SR">
<item name="CK" rev="6">
<attrib name="CK" value="1665"/><attrib name="CK_INV" value="144"/></item>
<item name="LATCH_OR_FF" rev="6">
<attrib name="FF" value="1742"/><attrib name="LATCH" value="66"/><attrib name="AND2L" value="1"/></item>
<item name="SRINIT" rev="6">
<attrib name="SRINIT0" value="1600"/><attrib name="SRINIT1" value="209"/></item>
<item name="SYNC_ATTR" rev="6">
<attrib name="ASYNC" value="1551"/><attrib name="SYNC" value="258"/></item>
</group>
<group name="LUT_OR_MEM5">
<item name="CLK" rev="6">
<attrib name="CLK" value="2"/><attrib name="CLK_INV" value="0"/></item>
<item name="LUT_OR_MEM" rev="6">
<attrib name="LUT" value="7"/><attrib name="RAM" value="2"/></item>
<item name="RAMMODE" rev="6">
<attrib name="SRL16" value="2"/></item>
</group>
<group name="LUT_OR_MEM6">
<item name="CLK" rev="6">
<attrib name="CLK" value="94"/><attrib name="CLK_INV" value="0"/></item>
<item name="LUT_OR_MEM" rev="6">
<attrib name="LUT" value="17"/><attrib name="RAM" value="94"/></item>
<item name="RAMMODE" rev="6">
<attrib name="SRL16" value="38"/><attrib name="SRL32" value="56"/></item>
</group>
<group name="IOBM_OUTBUF">
<item name="SUSPEND" rev="6">
<attrib name="3STATE" value="4"/></item>
</group>
<group name="SLICEL">
<item name="CLK" rev="6">
<attrib name="CLK" value="126"/><attrib name="CLK_INV" value="15"/></item>
</group>
<group name="SLICEM">
<item name="CLK" rev="6">
<attrib name="CLK" value="39"/><attrib name="CLK_INV" value="0"/></item>
</group>
<group name="IOB_OUTBUF">
<item name="DRIVEATTRBOX" rev="6">
<attrib name="12" value="43"/></item>
<item name="SLEW" rev="6">
<attrib name="SLOW" value="43"/></item>
<item name="SUSPEND" rev="6">
<attrib name="3STATE" value="43"/></item>
</group>
<group name="SLICEX">
<item name="CLK" rev="6">
<attrib name="CLK" value="371"/><attrib name="CLK_INV" value="33"/></item>
</group>
<group name="BUFIO2FB_BUFIO2FB">
<item name="DIVIDE_BYPASS" rev="6">
<attrib name="TRUE" value="1"/></item>
<item name="INVERT_INPUTS" rev="6">
<attrib name="FALSE" value="1"/></item>
</group>
<group name="OLOGIC2_TFF">
<item name="CK0" rev="6">
<attrib name="CK0_INV" value="0"/><attrib name="CK0" value="1"/></item>
<item name="SRINIT_TQ" rev="6">
<attrib name="0" value="1"/></item>
<item name="TFFTYPE" rev="6">
<attrib name="FF" value="1"/></item>
</group>
<group name="ILOGIC2_IFF">
<item name="CLK0" rev="6">
<attrib name="CLK0_INV" value="0"/><attrib name="CLK0" value="2"/></item>
<item name="IFFTYPE" rev="6">
<attrib name="FF" value="2"/></item>
<item name="SRINIT_Q" rev="6">
<attrib name="0" value="2"/></item>
</group>
<group name="BUFIO2_BUFIO2">
<item name="DIVIDE" rev="6">
<attrib name="1" value="1"/></item>
<item name="DIVIDE_BYPASS" rev="6">
<attrib name="TRUE" value="1"/></item>
<item name="I_INVERT" rev="6">
<attrib name="FALSE" value="1"/></item>
</group>
<group name="BSCAN_BSCAN">
<item name="JTAG_CHAIN" rev="6">
<attrib name="1" value="1"/></item>
<item name="JTAG_TEST" rev="6">
<attrib name="0" value="1"/></item>
</group>
<group name="IOB_INBUF">
<item name="DIFF_TERM" rev="6">
<attrib name="FALSE" value="3"/></item>
</group>
<group name="PLL_ADV">
<item name="RST" rev="6">
<attrib name="RST" value="1"/><attrib name="RST_INV" value="0"/></item>
</group>
<group name="OLOGIC2">
<item name="CLK0" rev="6">
<attrib name="CLK0_INV" value="1"/><attrib name="CLK0" value="4"/></item>
<item name="CLK1" rev="6">
<attrib name="CLK1" value="1"/><attrib name="CLK1_INV" value="3"/></item>
</group>
<group name="RAMB16BWER">
<item name="CLKA" rev="6">
<attrib name="CLKA_INV" value="0"/><attrib name="CLKA" value="5"/></item>
<item name="CLKB" rev="6">
<attrib name="CLKB_INV" value="0"/><attrib name="CLKB" value="5"/></item>
<item name="ENA" rev="6">
<attrib name="ENA_INV" value="0"/><attrib name="ENA" value="5"/></item>
<item name="ENB" rev="6">
<attrib name="ENB_INV" value="1"/><attrib name="ENB" value="4"/></item>
<item name="REGCEA" rev="6">
<attrib name="REGCEA_INV" value="0"/><attrib name="REGCEA" value="5"/></item>
<item name="REGCEB" rev="6">
<attrib name="REGCEB_INV" value="0"/><attrib name="REGCEB" value="5"/></item>
<item name="RSTA" rev="6">
<attrib name="RSTA" value="5"/><attrib name="RSTA_INV" value="0"/></item>
<item name="RSTB" rev="6">
<attrib name="RSTB" value="5"/><attrib name="RSTB_INV" value="0"/></item>
<item name="WEA0" rev="6">
<attrib name="WEA0" value="5"/><attrib name="WEA0_INV" value="0"/></item>
<item name="WEA1" rev="6">
<attrib name="WEA1" value="5"/><attrib name="WEA1_INV" value="0"/></item>
<item name="WEA2" rev="6">
<attrib name="WEA2" value="5"/><attrib name="WEA2_INV" value="0"/></item>
<item name="WEA3" rev="6">
<attrib name="WEA3_INV" value="0"/><attrib name="WEA3" value="5"/></item>
<item name="WEB0" rev="6">
<attrib name="WEB0" value="5"/><attrib name="WEB0_INV" value="0"/></item>
<item name="WEB1" rev="6">
<attrib name="WEB1" value="5"/><attrib name="WEB1_INV" value="0"/></item>
<item name="WEB2" rev="6">
<attrib name="WEB2_INV" value="0"/><attrib name="WEB2" value="5"/></item>
<item name="WEB3" rev="6">
<attrib name="WEB3" value="5"/><attrib name="WEB3_INV" value="0"/></item>
</group>
<group name="RAMB8BWER">
<item name="CLKAWRCLK" rev="6">
<attrib name="CLKAWRCLK" value="3"/><attrib name="CLKAWRCLK_INV" value="0"/></item>
<item name="CLKBRDCLK" rev="6">
<attrib name="CLKBRDCLK_INV" value="0"/><attrib name="CLKBRDCLK" value="3"/></item>
<item name="ENAWREN" rev="6">
<attrib name="ENAWREN" value="3"/><attrib name="ENAWREN_INV" value="0"/></item>
<item name="ENBRDEN" rev="6">
<attrib name="ENBRDEN_INV" value="2"/><attrib name="ENBRDEN" value="1"/></item>
<item name="REGCEA" rev="6">
<attrib name="REGCEA_INV" value="0"/><attrib name="REGCEA" value="3"/></item>
<item name="REGCEBREGCE" rev="6">
<attrib name="REGCEBREGCE_INV" value="0"/><attrib name="REGCEBREGCE" value="3"/></item>
<item name="RSTA" rev="6">
<attrib name="RSTA" value="3"/><attrib name="RSTA_INV" value="0"/></item>
<item name="RSTBRST" rev="6">
<attrib name="RSTBRST" value="3"/><attrib name="RSTBRST_INV" value="0"/></item>
<item name="WEAWEL0" rev="6">
<attrib name="WEAWEL0" value="3"/><attrib name="WEAWEL0_INV" value="0"/></item>
<item name="WEAWEL1" rev="6">
<attrib name="WEAWEL1_INV" value="0"/><attrib name="WEAWEL1" value="3"/></item>
<item name="WEBWEU0" rev="6">
<attrib name="WEBWEU0" value="3"/><attrib name="WEBWEU0_INV" value="0"/></item>
<item name="WEBWEU1" rev="6">
<attrib name="WEBWEU1" value="3"/><attrib name="WEBWEU1_INV" value="0"/></item>
</group>
<group name="RAMB16BWER_RAMB16BWER">
<item name="CLKA" rev="6">
<attrib name="CLKA_INV" value="0"/><attrib name="CLKA" value="5"/></item>
<item name="CLKB" rev="6">
<attrib name="CLKB_INV" value="0"/><attrib name="CLKB" value="5"/></item>
<item name="DATA_WIDTH_A" rev="6">
<attrib name="9" value="1"/><attrib name="18" value="4"/></item>
<item name="DATA_WIDTH_B" rev="6">
<attrib name="18" value="4"/><attrib name="36" value="1"/></item>
<item name="DOA_REG" rev="6">
<attrib name="0" value="5"/></item>
<item name="DOB_REG" rev="6">
<attrib name="0" value="5"/></item>
<item name="ENA" rev="6">
<attrib name="ENA_INV" value="0"/><attrib name="ENA" value="5"/></item>
<item name="ENB" rev="6">
<attrib name="ENB_INV" value="1"/><attrib name="ENB" value="4"/></item>
<item name="EN_RSTRAM_A" rev="6">
<attrib name="FALSE" value="5"/></item>
<item name="EN_RSTRAM_B" rev="6">
<attrib name="FALSE" value="4"/><attrib name="TRUE" value="1"/></item>
<item name="RAM_MODE" rev="6">
<attrib name="TDP" value="5"/></item>
<item name="REGCEA" rev="6">
<attrib name="REGCEA_INV" value="0"/><attrib name="REGCEA" value="5"/></item>
<item name="REGCEB" rev="6">
<attrib name="REGCEB_INV" value="0"/><attrib name="REGCEB" value="5"/></item>
<item name="RSTA" rev="6">
<attrib name="RSTA" value="5"/><attrib name="RSTA_INV" value="0"/></item>
<item name="RSTB" rev="6">
<attrib name="RSTB" value="5"/><attrib name="RSTB_INV" value="0"/></item>
<item name="RSTTYPE" rev="6">
<attrib name="SYNC" value="5"/></item>
<item name="RST_PRIORITY_A" rev="6">
<attrib name="CE" value="5"/></item>
<item name="RST_PRIORITY_B" rev="6">
<attrib name="CE" value="5"/></item>
<item name="WEA0" rev="6">
<attrib name="WEA0" value="5"/><attrib name="WEA0_INV" value="0"/></item>
<item name="WEA1" rev="6">
<attrib name="WEA1" value="5"/><attrib name="WEA1_INV" value="0"/></item>
<item name="WEA2" rev="6">
<attrib name="WEA2" value="5"/><attrib name="WEA2_INV" value="0"/></item>
<item name="WEA3" rev="6">
<attrib name="WEA3_INV" value="0"/><attrib name="WEA3" value="5"/></item>
<item name="WEB0" rev="6">
<attrib name="WEB0" value="5"/><attrib name="WEB0_INV" value="0"/></item>
<item name="WEB1" rev="6">
<attrib name="WEB1" value="5"/><attrib name="WEB1_INV" value="0"/></item>
<item name="WEB2" rev="6">
<attrib name="WEB2_INV" value="0"/><attrib name="WEB2" value="5"/></item>
<item name="WEB3" rev="6">
<attrib name="WEB3" value="5"/><attrib name="WEB3_INV" value="0"/></item>
<item name="WRITE_MODE_A" rev="6">
<attrib name="WRITE_FIRST" value="5"/></item>
<item name="WRITE_MODE_B" rev="6">
<attrib name="WRITE_FIRST" value="5"/></item>
</group>
<group name="RAMB8BWER_RAMB8BWER">
<item name="CLKAWRCLK" rev="6">
<attrib name="CLKAWRCLK" value="3"/><attrib name="CLKAWRCLK_INV" value="0"/></item>
<item name="CLKBRDCLK" rev="6">
<attrib name="CLKBRDCLK_INV" value="0"/><attrib name="CLKBRDCLK" value="3"/></item>
<item name="DATA_WIDTH_A" rev="6">
<attrib name="2" value="1"/><attrib name="9" value="1"/><attrib name="36" value="1"/></item>
<item name="DATA_WIDTH_B" rev="6">
<attrib name="9" value="1"/><attrib name="18" value="1"/><attrib name="36" value="1"/></item>
<item name="DOA_REG" rev="6">
<attrib name="0" value="3"/></item>
<item name="DOB_REG" rev="6">
<attrib name="0" value="3"/></item>
<item name="ENAWREN" rev="6">
<attrib name="ENAWREN" value="3"/><attrib name="ENAWREN_INV" value="0"/></item>
<item name="ENBRDEN" rev="6">
<attrib name="ENBRDEN_INV" value="2"/><attrib name="ENBRDEN" value="1"/></item>
<item name="EN_RSTRAM_A" rev="6">
<attrib name="FALSE" value="1"/><attrib name="TRUE" value="2"/></item>
<item name="EN_RSTRAM_B" rev="6">
<attrib name="FALSE" value="1"/><attrib name="TRUE" value="2"/></item>
<item name="RAM_MODE" rev="6">
<attrib name="TDP" value="2"/><attrib name="SDP" value="1"/></item>
<item name="REGCEA" rev="6">
<attrib name="REGCEA_INV" value="0"/><attrib name="REGCEA" value="3"/></item>
<item name="REGCEBREGCE" rev="6">
<attrib name="REGCEBREGCE_INV" value="0"/><attrib name="REGCEBREGCE" value="3"/></item>
<item name="RSTA" rev="6">
<attrib name="RSTA" value="3"/><attrib name="RSTA_INV" value="0"/></item>
<item name="RSTBRST" rev="6">
<attrib name="RSTBRST" value="3"/><attrib name="RSTBRST_INV" value="0"/></item>
<item name="RSTTYPE" rev="6">
<attrib name="SYNC" value="3"/></item>
<item name="RST_PRIORITY_A" rev="6">
<attrib name="CE" value="3"/></item>
<item name="RST_PRIORITY_B" rev="6">
<attrib name="CE" value="3"/></item>
<item name="WEAWEL0" rev="6">
<attrib name="WEAWEL0" value="3"/><attrib name="WEAWEL0_INV" value="0"/></item>
<item name="WEAWEL1" rev="6">
<attrib name="WEAWEL1_INV" value="0"/><attrib name="WEAWEL1" value="3"/></item>
<item name="WEBWEU0" rev="6">
<attrib name="WEBWEU0" value="3"/><attrib name="WEBWEU0_INV" value="0"/></item>
<item name="WEBWEU1" rev="6">
<attrib name="WEBWEU1" value="3"/><attrib name="WEBWEU1_INV" value="0"/></item>
<item name="WRITE_MODE_A" rev="6">
<attrib name="WRITE_FIRST" value="3"/></item>
<item name="WRITE_MODE_B" rev="6">
<attrib name="WRITE_FIRST" value="3"/></item>
</group>
<group name="ILOGIC2">
<item name="CLK0" rev="6">
<attrib name="CLK0_INV" value="0"/><attrib name="CLK0" value="2"/></item>
</group>
<group name="PLL_ADV_PLL_ADV">
<item name="BANDWIDTH" rev="6">
<attrib name="OPTIMIZED" value="1"/></item>
<item name="CLK_FEEDBACK" rev="6">
<attrib name="CLKFBOUT" value="1"/></item>
<item name="COMPENSATION" rev="6">
<attrib name="SYSTEM_SYNCHRONOUS" value="1"/></item>
<item name="PLL_ADD_LEAKAGE" rev="6">
<attrib name="2" value="1"/></item>
<item name="PLL_AVDD_COMP_SET" rev="6">
<attrib name="2" value="1"/></item>
<item name="PLL_CLAMP_BYPASS" rev="6">
<attrib name="FALSE" value="1"/></item>
<item name="PLL_CLAMP_REF_SEL" rev="6">
<attrib name="1" value="1"/></item>
<item name="PLL_CLK0MX" rev="6">
<attrib name="0" value="1"/></item>
<item name="PLL_CLK1MX" rev="6">
<attrib name="0" value="1"/></item>
<item name="PLL_CLK2MX" rev="6">
<attrib name="0" value="1"/></item>
<item name="PLL_CLK3MX" rev="6">
<attrib name="0" value="1"/></item>
<item name="PLL_CLK4MX" rev="6">
<attrib name="0" value="1"/></item>
<item name="PLL_CLK5MX" rev="6">
<attrib name="0" value="1"/></item>
<item name="PLL_CLKBURST_CNT" rev="6">
<attrib name="0" value="1"/></item>
<item name="PLL_CLKBURST_ENABLE" rev="6">
<attrib name="TRUE" value="1"/></item>
<item name="PLL_CLKCNTRL" rev="6">
<attrib name="0" value="1"/></item>
<item name="PLL_CLKFBMX" rev="6">
<attrib name="0" value="1"/></item>
<item name="PLL_CLKFBOUT2_EDGE" rev="6">
<attrib name="TRUE" value="1"/></item>
<item name="PLL_CLKFBOUT2_NOCOUNT" rev="6">
<attrib name="TRUE" value="1"/></item>
<item name="PLL_CLKFBOUT_EDGE" rev="6">
<attrib name="TRUE" value="1"/></item>
<item name="PLL_CLKFBOUT_EN" rev="6">
<attrib name="FALSE" value="1"/></item>
<item name="PLL_CLKFBOUT_NOCOUNT" rev="6">
<attrib name="TRUE" value="1"/></item>
<item name="PLL_CLKOUT0_EDGE" rev="6">
<attrib name="TRUE" value="1"/></item>
<item name="PLL_CLKOUT0_EN" rev="6">
<attrib name="FALSE" value="1"/></item>
<item name="PLL_CLKOUT0_NOCOUNT" rev="6">
<attrib name="TRUE" value="1"/></item>
<item name="PLL_CLKOUT1_EDGE" rev="6">
<attrib name="TRUE" value="1"/></item>
<item name="PLL_CLKOUT1_EN" rev="6">
<attrib name="FALSE" value="1"/></item>
<item name="PLL_CLKOUT1_NOCOUNT" rev="6">
<attrib name="TRUE" value="1"/></item>
<item name="PLL_CLKOUT2_EDGE" rev="6">
<attrib name="TRUE" value="1"/></item>
<item name="PLL_CLKOUT2_EN" rev="6">
<attrib name="FALSE" value="1"/></item>
<item name="PLL_CLKOUT2_NOCOUNT" rev="6">
<attrib name="TRUE" value="1"/></item>
<item name="PLL_CLKOUT3_EDGE" rev="6">
<attrib name="TRUE" value="1"/></item>
<item name="PLL_CLKOUT3_EN" rev="6">
<attrib name="FALSE" value="1"/></item>
<item name="PLL_CLKOUT3_NOCOUNT" rev="6">
<attrib name="TRUE" value="1"/></item>
<item name="PLL_CLKOUT4_EDGE" rev="6">
<attrib name="TRUE" value="1"/></item>
<item name="PLL_CLKOUT4_EN" rev="6">
<attrib name="FALSE" value="1"/></item>
<item name="PLL_CLKOUT4_NOCOUNT" rev="6">
<attrib name="TRUE" value="1"/></item>
<item name="PLL_CLKOUT5_EDGE" rev="6">
<attrib name="TRUE" value="1"/></item>
<item name="PLL_CLKOUT5_EN" rev="6">
<attrib name="FALSE" value="1"/></item>
<item name="PLL_CLKOUT5_NOCOUNT" rev="6">
<attrib name="TRUE" value="1"/></item>
<item name="PLL_CLK_LOST_DETECT" rev="6">
<attrib name="FALSE" value="1"/></item>
<item name="PLL_CP" rev="6">
<attrib name="1" value="1"/></item>
<item name="PLL_CP_BIAS_TRIP_SHIFT" rev="6">
<attrib name="TRUE" value="1"/></item>
<item name="PLL_CP_REPL" rev="6">
<attrib name="1" value="1"/></item>
<item name="PLL_CP_RES" rev="6">
<attrib name="0" value="1"/></item>
<item name="PLL_DIRECT_PATH_CNTRL" rev="6">
<attrib name="TRUE" value="1"/></item>
<item name="PLL_DIVCLK_EDGE" rev="6">
<attrib name="TRUE" value="1"/></item>
<item name="PLL_DIVCLK_NOCOUNT" rev="6">
<attrib name="TRUE" value="1"/></item>
<item name="PLL_DVDD_COMP_SET" rev="6">
<attrib name="2" value="1"/></item>
<item name="PLL_EN" rev="6">
<attrib name="FALSE" value="1"/></item>
<item name="PLL_EN_DLY" rev="6">
<attrib name="TRUE" value="1"/></item>
<item name="PLL_EN_LEAKAGE" rev="6">
<attrib name="2" value="1"/></item>
<item name="PLL_EN_TCLK0" rev="6">
<attrib name="TRUE" value="1"/></item>
<item name="PLL_EN_TCLK1" rev="6">
<attrib name="TRUE" value="1"/></item>
<item name="PLL_EN_TCLK2" rev="6">
<attrib name="TRUE" value="1"/></item>
<item name="PLL_EN_TCLK3" rev="6">
<attrib name="TRUE" value="1"/></item>
<item name="PLL_EN_VCO0" rev="6">
<attrib name="FALSE" value="1"/></item>
<item name="PLL_EN_VCO1" rev="6">
<attrib name="FALSE" value="1"/></item>
<item name="PLL_EN_VCO2" rev="6">
<attrib name="FALSE" value="1"/></item>
<item name="PLL_EN_VCO3" rev="6">
<attrib name="FALSE" value="1"/></item>
<item name="PLL_EN_VCO4" rev="6">
<attrib name="FALSE" value="1"/></item>
<item name="PLL_EN_VCO5" rev="6">
<attrib name="FALSE" value="1"/></item>
<item name="PLL_EN_VCO6" rev="6">
<attrib name="FALSE" value="1"/></item>
<item name="PLL_EN_VCO7" rev="6">
<attrib name="FALSE" value="1"/></item>
<item name="PLL_EN_VCO_DIV1" rev="6">
<attrib name="FALSE" value="1"/></item>
<item name="PLL_EN_VCO_DIV6" rev="6">
<attrib name="TRUE" value="1"/></item>
<item name="PLL_INTFB" rev="6">
<attrib name="0" value="1"/></item>
<item name="PLL_IO_CLKSRC" rev="6">
<attrib name="0" value="1"/></item>
<item name="PLL_LFHF" rev="6">
<attrib name="3" value="1"/></item>
<item name="PLL_LOCK_FB_DLY" rev="6">
<attrib name="3" value="1"/></item>
<item name="PLL_LOCK_REF_DLY" rev="6">
<attrib name="5" value="1"/></item>
<item name="PLL_MAN_LF_EN" rev="6">
<attrib name="TRUE" value="1"/></item>
<item name="PLL_NBTI_EN" rev="6">
<attrib name="TRUE" value="1"/></item>
<item name="PLL_PFD_CNTRL" rev="6">
<attrib name="8" value="1"/></item>
<item name="PLL_PFD_DLY" rev="6">
<attrib name="1" value="1"/></item>
<item name="PLL_PWRD_CFG" rev="6">
<attrib name="FALSE" value="1"/></item>
<item name="PLL_REG_INPUT" rev="6">
<attrib name="TRUE" value="1"/></item>
<item name="PLL_RES" rev="6">
<attrib name="1" value="1"/></item>
<item name="PLL_SEL_SLIPD" rev="6">
<attrib name="FALSE" value="1"/></item>
<item name="PLL_SKEW_CNTRL" rev="6">
<attrib name="0" value="1"/></item>
<item name="PLL_TEST_IN_WINDOW" rev="6">
<attrib name="FALSE" value="1"/></item>
<item name="PLL_VDD_SEL" rev="6">
<attrib name="0" value="1"/></item>
<item name="PLL_VLFHIGH_DIS" rev="6">
<attrib name="TRUE" value="1"/></item>
<item name="RST" rev="6">
<attrib name="RST" value="1"/><attrib name="RST_INV" value="0"/></item>
</group>
<group name="OLOGIC2_OUTFF">
<item name="CK0" rev="6">
<attrib name="CK0_INV" value="1"/><attrib name="CK0" value="4"/></item>
<item name="CK1" rev="6">
<attrib name="CK1_INV" value="3"/><attrib name="CK1" value="1"/></item>
<item name="DDR_ALIGNMENT" rev="6">
<attrib name="NONE" value="4"/></item>
<item name="OUTFFTYPE" rev="6">
<attrib name="FF" value="1"/><attrib name="DDR" value="4"/></item>
<item name="SRINIT_OQ" rev="6">
<attrib name="0" value="5"/></item>
<item name="SRTYPE_OQ" rev="6">
<attrib name="SYNC" value="4"/></item>
</group>
<group name="FF_SR">
<item name="CK" rev="6">
<attrib name="CK" value="539"/><attrib name="CK_INV" value="10"/></item>
<item name="SRINIT" rev="6">
<attrib name="SRINIT0" value="463"/><attrib name="SRINIT1" value="86"/></item>
<item name="SYNC_ATTR" rev="6">
<attrib name="ASYNC" value="527"/><attrib name="SYNC" value="22"/></item>
</group>
</ReportConfigData>
<ReportPinData TimeStamp="Tue Jul 03 12:00:13 2018"><group name="BUFIO2">
<item name="DIVCLK" rev="6">
<attrib name="value" value="1"/></item>
<item name="I" rev="6">
<attrib name="value" value="1"/></item>
</group>
<group name="NULLMUX">
<item name="0" rev="6">
<attrib name="value" value="7"/></item>
<item name="OUT" rev="6">
<attrib name="value" value="7"/></item>
</group>
<group name="REG_SR">
<item name="CE" rev="6">
<attrib name="value" value="794"/></item>
<item name="CK" rev="6">
<attrib name="value" value="1809"/></item>
<item name="D" rev="6">
<attrib name="value" value="1809"/></item>
<item name="Q" rev="6">
<attrib name="value" value="1809"/></item>
<item name="SR" rev="6">
<attrib name="value" value="574"/></item>
</group>
<group name="LUT_OR_MEM5">
<item name="A1" rev="6">
<attrib name="value" value="2"/></item>
<item name="A2" rev="6">
<attrib name="value" value="8"/></item>
<item name="A3" rev="6">
<attrib name="value" value="3"/></item>
<item name="A4" rev="6">
<attrib name="value" value="8"/></item>
<item name="A5" rev="6">
<attrib name="value" value="8"/></item>
<item name="CLK" rev="6">
<attrib name="value" value="2"/></item>
<item name="DI1" rev="6">
<attrib name="value" value="2"/></item>
<item name="O5" rev="6">
<attrib name="value" value="9"/></item>
<item name="WE" rev="6">
<attrib name="value" value="2"/></item>
</group>
<group name="LUT_OR_MEM6">
<item name="A1" rev="6">
<attrib name="value" value="96"/></item>
<item name="A2" rev="6">
<attrib name="value" value="98"/></item>
<item name="A3" rev="6">
<attrib name="value" value="104"/></item>
<item name="A4" rev="6">
<attrib name="value" value="106"/></item>
<item name="A5" rev="6">
<attrib name="value" value="105"/></item>
<item name="A6" rev="6">
<attrib name="value" value="107"/></item>
<item name="CLK" rev="6">
<attrib name="value" value="94"/></item>
<item name="DI1" rev="6">
<attrib name="value" value="56"/></item>
<item name="DI2" rev="6">
<attrib name="value" value="38"/></item>
<item name="MC31" rev="6">
<attrib name="value" value="84"/></item>
<item name="O6" rev="6">
<attrib name="value" value="111"/></item>
<item name="WE" rev="6">
<attrib name="value" value="94"/></item>
</group>
<group name="IOBM_OUTBUF">
<item name="IN" rev="6">
<attrib name="value" value="4"/></item>
<item name="OUT" rev="6">
<attrib name="value" value="4"/></item>
<item name="OUTN" rev="6">
<attrib name="value" value="4"/></item>
</group>
<group name="SLICEL">
<item name="A" rev="6">
<attrib name="value" value="10"/></item>
<item name="A1" rev="6">
<attrib name="value" value="25"/></item>
<item name="A2" rev="6">
<attrib name="value" value="35"/></item>
<item name="A3" rev="6">
<attrib name="value" value="53"/></item>
<item name="A4" rev="6">
<attrib name="value" value="118"/></item>
<item name="A5" rev="6">
<attrib name="value" value="87"/></item>
<item name="A6" rev="6">
<attrib name="value" value="135"/></item>
<item name="AMUX" rev="6">
<attrib name="value" value="32"/></item>
<item name="AQ" rev="6">
<attrib name="value" value="120"/></item>
<item name="AX" rev="6">
<attrib name="value" value="48"/></item>
<item name="B" rev="6">
<attrib name="value" value="21"/></item>
<item name="B1" rev="6">
<attrib name="value" value="30"/></item>
<item name="B2" rev="6">
<attrib name="value" value="38"/></item>
<item name="B3" rev="6">
<attrib name="value" value="58"/></item>
<item name="B4" rev="6">
<attrib name="value" value="122"/></item>
<item name="B5" rev="6">
<attrib name="value" value="92"/></item>
<item name="B6" rev="6">
<attrib name="value" value="132"/></item>
<item name="BMUX" rev="6">
<attrib name="value" value="33"/></item>
<item name="BQ" rev="6">
<attrib name="value" value="111"/></item>
<item name="BX" rev="6">
<attrib name="value" value="43"/></item>
<item name="C" rev="6">
<attrib name="value" value="2"/></item>
<item name="C1" rev="6">
<attrib name="value" value="29"/></item>
<item name="C2" rev="6">
<attrib name="value" value="38"/></item>
<item name="C3" rev="6">
<attrib name="value" value="62"/></item>
<item name="C4" rev="6">
<attrib name="value" value="121"/></item>
<item name="C5" rev="6">
<attrib name="value" value="91"/></item>
<item name="C6" rev="6">
<attrib name="value" value="129"/></item>
<item name="CE" rev="6">
<attrib name="value" value="66"/></item>
<item name="CIN" rev="6">
<attrib name="value" value="96"/></item>
<item name="CLK" rev="6">
<attrib name="value" value="141"/></item>
<item name="CMUX" rev="6">
<attrib name="value" value="54"/></item>
<item name="COUT" rev="6">
<attrib name="value" value="93"/></item>
<item name="CQ" rev="6">
<attrib name="value" value="106"/></item>
<item name="CX" rev="6">
<attrib name="value" value="61"/></item>
<item name="D" rev="6">
<attrib name="value" value="3"/></item>
<item name="D1" rev="6">
<attrib name="value" value="29"/></item>
<item name="D2" rev="6">
<attrib name="value" value="36"/></item>
<item name="D3" rev="6">
<attrib name="value" value="57"/></item>
<item name="D4" rev="6">
<attrib name="value" value="115"/></item>
<item name="D5" rev="6">
<attrib name="value" value="88"/></item>
<item name="D6" rev="6">
<attrib name="value" value="126"/></item>
<item name="DMUX" rev="6">
<attrib name="value" value="33"/></item>
<item name="DQ" rev="6">
<attrib name="value" value="107"/></item>
<item name="DX" rev="6">
<attrib name="value" value="42"/></item>
<item name="SR" rev="6">
<attrib name="value" value="65"/></item>
</group>
<group name="SLICEM">
<item name="A" rev="6">
<attrib name="value" value="18"/></item>
<item name="A1" rev="6">
<attrib name="value" value="36"/></item>
<item name="A2" rev="6">
<attrib name="value" value="36"/></item>
<item name="A3" rev="6">
<attrib name="value" value="37"/></item>
<item name="A4" rev="6">
<attrib name="value" value="38"/></item>
<item name="A5" rev="6">
<attrib name="value" value="37"/></item>
<item name="A6" rev="6">
<attrib name="value" value="38"/></item>
<item name="AI" rev="6">
<attrib name="value" value="17"/></item>
<item name="AMUX" rev="6">
<attrib name="value" value="3"/></item>
<item name="AQ" rev="6">
<attrib name="value" value="7"/></item>
<item name="AX" rev="6">
<attrib name="value" value="23"/></item>
<item name="B" rev="6">
<attrib name="value" value="7"/></item>
<item name="B1" rev="6">
<attrib name="value" value="23"/></item>
<item name="B2" rev="6">
<attrib name="value" value="26"/></item>
<item name="B3" rev="6">
<attrib name="value" value="26"/></item>
<item name="B4" rev="6">
<attrib name="value" value="27"/></item>
<item name="B5" rev="6">
<attrib name="value" value="27"/></item>
<item name="B6" rev="6">
<attrib name="value" value="27"/></item>
<item name="BI" rev="6">
<attrib name="value" value="2"/></item>
<item name="BMUX" rev="6">
<attrib name="value" value="6"/></item>
<item name="BQ" rev="6">
<attrib name="value" value="6"/></item>
<item name="BX" rev="6">
<attrib name="value" value="20"/></item>
<item name="C" rev="6">
<attrib name="value" value="6"/></item>
<item name="C1" rev="6">
<attrib name="value" value="20"/></item>
<item name="C2" rev="6">
<attrib name="value" value="24"/></item>
<item name="C3" rev="6">
<attrib name="value" value="24"/></item>
<item name="C4" rev="6">
<attrib name="value" value="24"/></item>
<item name="C5" rev="6">
<attrib name="value" value="24"/></item>
<item name="C6" rev="6">
<attrib name="value" value="23"/></item>
<item name="CE" rev="6">
<attrib name="value" value="39"/></item>
<item name="CI" rev="6">
<attrib name="value" value="3"/></item>
<item name="CIN" rev="6">
<attrib name="value" value="10"/></item>
<item name="CLK" rev="6">
<attrib name="value" value="39"/></item>
<item name="CMUX" rev="6">
<attrib name="value" value="6"/></item>
<item name="COUT" rev="6">
<attrib name="value" value="13"/></item>
<item name="CQ" rev="6">
<attrib name="value" value="5"/></item>
<item name="CX" rev="6">
<attrib name="value" value="21"/></item>
<item name="D" rev="6">
<attrib name="value" value="1"/></item>
<item name="D1" rev="6">
<attrib name="value" value="19"/></item>
<item name="D2" rev="6">
<attrib name="value" value="19"/></item>
<item name="D3" rev="6">
<attrib name="value" value="19"/></item>
<item name="D4" rev="6">
<attrib name="value" value="19"/></item>
<item name="D5" rev="6">
<attrib name="value" value="19"/></item>
<item name="D6" rev="6">
<attrib name="value" value="19"/></item>
<item name="DI" rev="6">
<attrib name="value" value="16"/></item>
<item name="DMUX" rev="6">
<attrib name="value" value="31"/></item>
<item name="DQ" rev="6">
<attrib name="value" value="3"/></item>
<item name="DX" rev="6">
<attrib name="value" value="16"/></item>
<item name="SR" rev="6">
<attrib name="value" value="3"/></item>
</group>
<group name="IOB_OUTBUF">
<item name="IN" rev="6">
<attrib name="value" value="43"/></item>
<item name="OUT" rev="6">
<attrib name="value" value="43"/></item>
<item name="TRI" rev="6">
<attrib name="value" value="2"/></item>
</group>
<group name="SLICEX">
<item name="A" rev="6">
<attrib name="value" value="84"/></item>
<item name="A1" rev="6">
<attrib name="value" value="79"/></item>
<item name="A2" rev="6">
<attrib name="value" value="130"/></item>
<item name="A3" rev="6">
<attrib name="value" value="163"/></item>
<item name="A4" rev="6">
<attrib name="value" value="175"/></item>
<item name="A5" rev="6">
<attrib name="value" value="274"/></item>
<item name="A6" rev="6">
<attrib name="value" value="171"/></item>
<item name="AMUX" rev="6">
<attrib name="value" value="169"/></item>
<item name="AQ" rev="6">
<attrib name="value" value="383"/></item>
<item name="AX" rev="6">
<attrib name="value" value="282"/></item>
<item name="B" rev="6">
<attrib name="value" value="98"/></item>
<item name="B1" rev="6">
<attrib name="value" value="90"/></item>
<item name="B2" rev="6">
<attrib name="value" value="125"/></item>
<item name="B3" rev="6">
<attrib name="value" value="146"/></item>
<item name="B4" rev="6">
<attrib name="value" value="150"/></item>
<item name="B5" rev="6">
<attrib name="value" value="251"/></item>
<item name="B6" rev="6">
<attrib name="value" value="153"/></item>
<item name="BMUX" rev="6">
<attrib name="value" value="167"/></item>
<item name="BQ" rev="6">
<attrib name="value" value="333"/></item>
<item name="BX" rev="6">
<attrib name="value" value="276"/></item>
<item name="C" rev="6">
<attrib name="value" value="58"/></item>
<item name="C1" rev="6">
<attrib name="value" value="62"/></item>
<item name="C2" rev="6">
<attrib name="value" value="100"/></item>
<item name="C3" rev="6">
<attrib name="value" value="115"/></item>
<item name="C4" rev="6">
<attrib name="value" value="120"/></item>
<item name="C5" rev="6">
<attrib name="value" value="213"/></item>
<item name="C6" rev="6">
<attrib name="value" value="123"/></item>
<item name="CE" rev="6">
<attrib name="value" value="164"/></item>
<item name="CLK" rev="6">
<attrib name="value" value="404"/></item>
<item name="CMUX" rev="6">
<attrib name="value" value="137"/></item>
<item name="CQ" rev="6">
<attrib name="value" value="330"/></item>
<item name="CX" rev="6">
<attrib name="value" value="264"/></item>
<item name="D" rev="6">
<attrib name="value" value="87"/></item>
<item name="D1" rev="6">
<attrib name="value" value="62"/></item>
<item name="D2" rev="6">
<attrib name="value" value="94"/></item>
<item name="D3" rev="6">
<attrib name="value" value="112"/></item>
<item name="D4" rev="6">
<attrib name="value" value="118"/></item>
<item name="D5" rev="6">
<attrib name="value" value="200"/></item>
<item name="D6" rev="6">
<attrib name="value" value="122"/></item>
<item name="DMUX" rev="6">
<attrib name="value" value="130"/></item>
<item name="DQ" rev="6">
<attrib name="value" value="298"/></item>
<item name="DX" rev="6">
<attrib name="value" value="259"/></item>
<item name="SR" rev="6">
<attrib name="value" value="137"/></item>
</group>
<group name="BSCAN">
<item name="DRCK" rev="6">
<attrib name="value" value="1"/></item>
<item name="SEL" rev="6">
<attrib name="value" value="1"/></item>
<item name="SHIFT" rev="6">
<attrib name="value" value="1"/></item>
<item name="TDI" rev="6">
<attrib name="value" value="1"/></item>
<item name="TDO" rev="6">
<attrib name="value" value="1"/></item>
<item name="UPDATE" rev="6">
<attrib name="value" value="1"/></item>
</group>
<group name="BUFG_BUFG">
<item name="I0" rev="6">
<attrib name="value" value="7"/></item>
<item name="O" rev="6">
<attrib name="value" value="7"/></item>
</group>
<group name="BUFIO2FB_BUFIO2FB">
<item name="I" rev="6">
<attrib name="value" value="1"/></item>
<item name="O" rev="6">
<attrib name="value" value="1"/></item>
</group>
<group name="OLOGIC2_T1USED">
<item name="0" rev="6">
<attrib name="value" value="1"/></item>
<item name="OUT" rev="6">
<attrib name="value" value="1"/></item>
</group>
<group name="OLOGIC2_TFF">
<item name="CK0" rev="6">
<attrib name="value" value="1"/></item>
<item name="D1" rev="6">
<attrib name="value" value="1"/></item>
<item name="Q" rev="6">
<attrib name="value" value="1"/></item>
</group>
<group name="ILOGIC2_IFF">
<item name="CLK0" rev="6">
<attrib name="value" value="2"/></item>
<item name="D" rev="6">
<attrib name="value" value="2"/></item>
<item name="Q1" rev="6">
<attrib name="value" value="2"/></item>
</group>
<group name="PAD">
<item name="PAD" rev="6">
<attrib name="value" value="91"/></item>
</group>
<group name="BUFIO2FB">
<item name="I" rev="6">
<attrib name="value" value="1"/></item>
<item name="O" rev="6">
<attrib name="value" value="1"/></item>
</group>
<group name="BUFIO2_BUFIO2">
<item name="DIVCLK" rev="6">
<attrib name="value" value="1"/></item>
<item name="I" rev="6">
<attrib name="value" value="1"/></item>
</group>
<group name="BSCAN_BSCAN">
<item name="DRCK" rev="6">
<attrib name="value" value="1"/></item>
<item name="SEL" rev="6">
<attrib name="value" value="1"/></item>
<item name="SHIFT" rev="6">
<attrib name="value" value="1"/></item>
<item name="TDI" rev="6">
<attrib name="value" value="1"/></item>
<item name="TDO" rev="6">
<attrib name="value" value="1"/></item>
<item name="UPDATE" rev="6">
<attrib name="value" value="1"/></item>
</group>
<group name="IOB_INBUF">
<item name="DIFFI_IN" rev="6">
<attrib name="value" value="3"/></item>
<item name="OUT" rev="6">
<attrib name="value" value="39"/></item>
<item name="PAD" rev="6">
<attrib name="value" value="39"/></item>
</group>
<group name="PLL_ADV">
<item name="CLKFBIN" rev="6">
<attrib name="value" value="1"/></item>
<item name="CLKFBOUT" rev="6">
<attrib name="value" value="1"/></item>
<item name="CLKIN1" rev="6">
<attrib name="value" value="1"/></item>
<item name="CLKOUT0" rev="6">
<attrib name="value" value="1"/></item>
<item name="CLKOUT1" rev="6">
<attrib name="value" value="1"/></item>
<item name="CLKOUT2" rev="6">
<attrib name="value" value="1"/></item>
<item name="RST" rev="6">
<attrib name="value" value="1"/></item>
</group>
<group name="OLOGIC2">
<item name="CLK0" rev="6">
<attrib name="value" value="5"/></item>
<item name="CLK1" rev="6">
<attrib name="value" value="4"/></item>
<item name="D1" rev="6">
<attrib name="value" value="5"/></item>
<item name="D2" rev="6">
<attrib name="value" value="4"/></item>
<item name="OCE" rev="6">
<attrib name="value" value="4"/></item>
<item name="OQ" rev="6">
<attrib name="value" value="5"/></item>
<item name="SR" rev="6">
<attrib name="value" value="4"/></item>
<item name="T1" rev="6">
<attrib name="value" value="1"/></item>
<item name="TQ" rev="6">
<attrib name="value" value="1"/></item>
</group>
<group name="RAMB16BWER">
<item name="ADDRA0" rev="6">
<attrib name="value" value="5"/></item>
<item name="ADDRA1" rev="6">
<attrib name="value" value="5"/></item>
<item name="ADDRA10" rev="6">
<attrib name="value" value="5"/></item>
<item name="ADDRA11" rev="6">
<attrib name="value" value="5"/></item>
<item name="ADDRA12" rev="6">
<attrib name="value" value="5"/></item>
<item name="ADDRA13" rev="6">
<attrib name="value" value="5"/></item>
<item name="ADDRA2" rev="6">
<attrib name="value" value="5"/></item>
<item name="ADDRA3" rev="6">
<attrib name="value" value="5"/></item>
<item name="ADDRA4" rev="6">
<attrib name="value" value="5"/></item>
<item name="ADDRA5" rev="6">
<attrib name="value" value="5"/></item>
<item name="ADDRA6" rev="6">
<attrib name="value" value="5"/></item>
<item name="ADDRA7" rev="6">
<attrib name="value" value="5"/></item>
<item name="ADDRA8" rev="6">
<attrib name="value" value="5"/></item>
<item name="ADDRA9" rev="6">
<attrib name="value" value="5"/></item>
<item name="ADDRB0" rev="6">
<attrib name="value" value="5"/></item>
<item name="ADDRB1" rev="6">
<attrib name="value" value="5"/></item>
<item name="ADDRB10" rev="6">
<attrib name="value" value="5"/></item>
<item name="ADDRB11" rev="6">
<attrib name="value" value="5"/></item>
<item name="ADDRB12" rev="6">
<attrib name="value" value="5"/></item>
<item name="ADDRB13" rev="6">
<attrib name="value" value="5"/></item>
<item name="ADDRB2" rev="6">
<attrib name="value" value="5"/></item>
<item name="ADDRB3" rev="6">
<attrib name="value" value="5"/></item>
<item name="ADDRB4" rev="6">
<attrib name="value" value="5"/></item>
<item name="ADDRB5" rev="6">
<attrib name="value" value="5"/></item>
<item name="ADDRB6" rev="6">
<attrib name="value" value="5"/></item>
<item name="ADDRB7" rev="6">
<attrib name="value" value="5"/></item>
<item name="ADDRB8" rev="6">
<attrib name="value" value="5"/></item>
<item name="ADDRB9" rev="6">
<attrib name="value" value="5"/></item>
<item name="CLKA" rev="6">
<attrib name="value" value="5"/></item>
<item name="CLKB" rev="6">
<attrib name="value" value="5"/></item>
<item name="DIA0" rev="6">
<attrib name="value" value="5"/></item>
<item name="DIA1" rev="6">
<attrib name="value" value="5"/></item>
<item name="DIA10" rev="6">
<attrib name="value" value="5"/></item>
<item name="DIA11" rev="6">
<attrib name="value" value="5"/></item>
<item name="DIA12" rev="6">
<attrib name="value" value="5"/></item>
<item name="DIA13" rev="6">
<attrib name="value" value="5"/></item>
<item name="DIA14" rev="6">
<attrib name="value" value="5"/></item>
<item name="DIA15" rev="6">
<attrib name="value" value="5"/></item>
<item name="DIA16" rev="6">
<attrib name="value" value="5"/></item>
<item name="DIA17" rev="6">
<attrib name="value" value="5"/></item>
<item name="DIA18" rev="6">
<attrib name="value" value="5"/></item>
<item name="DIA19" rev="6">
<attrib name="value" value="5"/></item>
<item name="DIA2" rev="6">
<attrib name="value" value="5"/></item>
<item name="DIA20" rev="6">
<attrib name="value" value="5"/></item>
<item name="DIA21" rev="6">
<attrib name="value" value="5"/></item>
<item name="DIA22" rev="6">
<attrib name="value" value="5"/></item>
<item name="DIA23" rev="6">
<attrib name="value" value="5"/></item>
<item name="DIA24" rev="6">
<attrib name="value" value="5"/></item>
<item name="DIA25" rev="6">
<attrib name="value" value="5"/></item>
<item name="DIA26" rev="6">
<attrib name="value" value="5"/></item>
<item name="DIA27" rev="6">
<attrib name="value" value="5"/></item>
<item name="DIA28" rev="6">
<attrib name="value" value="5"/></item>
<item name="DIA29" rev="6">
<attrib name="value" value="5"/></item>
<item name="DIA3" rev="6">
<attrib name="value" value="5"/></item>
<item name="DIA30" rev="6">
<attrib name="value" value="5"/></item>
<item name="DIA31" rev="6">
<attrib name="value" value="5"/></item>
<item name="DIA4" rev="6">
<attrib name="value" value="5"/></item>
<item name="DIA5" rev="6">
<attrib name="value" value="5"/></item>
<item name="DIA6" rev="6">
<attrib name="value" value="5"/></item>
<item name="DIA7" rev="6">
<attrib name="value" value="5"/></item>
<item name="DIA8" rev="6">
<attrib name="value" value="5"/></item>
<item name="DIA9" rev="6">
<attrib name="value" value="5"/></item>
<item name="DIB0" rev="6">
<attrib name="value" value="5"/></item>
<item name="DIB1" rev="6">
<attrib name="value" value="5"/></item>
<item name="DIB10" rev="6">
<attrib name="value" value="5"/></item>
<item name="DIB11" rev="6">
<attrib name="value" value="5"/></item>
<item name="DIB12" rev="6">
<attrib name="value" value="5"/></item>
<item name="DIB13" rev="6">
<attrib name="value" value="5"/></item>
<item name="DIB14" rev="6">
<attrib name="value" value="5"/></item>
<item name="DIB15" rev="6">
<attrib name="value" value="5"/></item>
<item name="DIB16" rev="6">
<attrib name="value" value="5"/></item>
<item name="DIB17" rev="6">
<attrib name="value" value="5"/></item>
<item name="DIB18" rev="6">
<attrib name="value" value="5"/></item>
<item name="DIB19" rev="6">
<attrib name="value" value="5"/></item>
<item name="DIB2" rev="6">
<attrib name="value" value="5"/></item>
<item name="DIB20" rev="6">
<attrib name="value" value="5"/></item>
<item name="DIB21" rev="6">
<attrib name="value" value="5"/></item>
<item name="DIB22" rev="6">
<attrib name="value" value="5"/></item>
<item name="DIB23" rev="6">
<attrib name="value" value="5"/></item>
<item name="DIB24" rev="6">
<attrib name="value" value="5"/></item>
<item name="DIB25" rev="6">
<attrib name="value" value="5"/></item>
<item name="DIB26" rev="6">
<attrib name="value" value="5"/></item>
<item name="DIB27" rev="6">
<attrib name="value" value="5"/></item>
<item name="DIB28" rev="6">
<attrib name="value" value="5"/></item>
<item name="DIB29" rev="6">
<attrib name="value" value="5"/></item>
<item name="DIB3" rev="6">
<attrib name="value" value="5"/></item>
<item name="DIB30" rev="6">
<attrib name="value" value="5"/></item>
<item name="DIB31" rev="6">
<attrib name="value" value="5"/></item>
<item name="DIB4" rev="6">
<attrib name="value" value="5"/></item>
<item name="DIB5" rev="6">
<attrib name="value" value="5"/></item>
<item name="DIB6" rev="6">
<attrib name="value" value="5"/></item>
<item name="DIB7" rev="6">
<attrib name="value" value="5"/></item>
<item name="DIB8" rev="6">
<attrib name="value" value="5"/></item>
<item name="DIB9" rev="6">
<attrib name="value" value="5"/></item>
<item name="DIPA0" rev="6">
<attrib name="value" value="5"/></item>
<item name="DIPA1" rev="6">
<attrib name="value" value="5"/></item>
<item name="DIPA2" rev="6">
<attrib name="value" value="5"/></item>
<item name="DIPA3" rev="6">
<attrib name="value" value="5"/></item>
<item name="DIPB0" rev="6">
<attrib name="value" value="5"/></item>
<item name="DIPB1" rev="6">
<attrib name="value" value="5"/></item>
<item name="DIPB2" rev="6">
<attrib name="value" value="5"/></item>
<item name="DIPB3" rev="6">
<attrib name="value" value="5"/></item>
<item name="DOA0" rev="6">
<attrib name="value" value="4"/></item>
<item name="DOA1" rev="6">
<attrib name="value" value="4"/></item>
<item name="DOA10" rev="6">
<attrib name="value" value="4"/></item>
<item name="DOA11" rev="6">
<attrib name="value" value="4"/></item>
<item name="DOA12" rev="6">
<attrib name="value" value="4"/></item>
<item name="DOA13" rev="6">
<attrib name="value" value="4"/></item>
<item name="DOA14" rev="6">
<attrib name="value" value="4"/></item>
<item name="DOA15" rev="6">
<attrib name="value" value="4"/></item>
<item name="DOA2" rev="6">
<attrib name="value" value="4"/></item>
<item name="DOA3" rev="6">
<attrib name="value" value="4"/></item>
<item name="DOA4" rev="6">
<attrib name="value" value="4"/></item>
<item name="DOA5" rev="6">
<attrib name="value" value="4"/></item>
<item name="DOA6" rev="6">
<attrib name="value" value="4"/></item>
<item name="DOA7" rev="6">
<attrib name="value" value="4"/></item>
<item name="DOA8" rev="6">
<attrib name="value" value="4"/></item>
<item name="DOA9" rev="6">
<attrib name="value" value="4"/></item>
<item name="DOB0" rev="6">
<attrib name="value" value="1"/></item>
<item name="DOB1" rev="6">
<attrib name="value" value="1"/></item>
<item name="DOB10" rev="6">
<attrib name="value" value="1"/></item>
<item name="DOB11" rev="6">
<attrib name="value" value="1"/></item>
<item name="DOB12" rev="6">
<attrib name="value" value="1"/></item>
<item name="DOB13" rev="6">
<attrib name="value" value="1"/></item>
<item name="DOB14" rev="6">
<attrib name="value" value="1"/></item>
<item name="DOB15" rev="6">
<attrib name="value" value="1"/></item>
<item name="DOB16" rev="6">
<attrib name="value" value="1"/></item>
<item name="DOB17" rev="6">
<attrib name="value" value="1"/></item>
<item name="DOB18" rev="6">
<attrib name="value" value="1"/></item>
<item name="DOB19" rev="6">
<attrib name="value" value="1"/></item>
<item name="DOB2" rev="6">
<attrib name="value" value="1"/></item>
<item name="DOB20" rev="6">
<attrib name="value" value="1"/></item>
<item name="DOB21" rev="6">
<attrib name="value" value="1"/></item>
<item name="DOB22" rev="6">
<attrib name="value" value="1"/></item>
<item name="DOB23" rev="6">
<attrib name="value" value="1"/></item>
<item name="DOB24" rev="6">
<attrib name="value" value="1"/></item>
<item name="DOB25" rev="6">
<attrib name="value" value="1"/></item>
<item name="DOB26" rev="6">
<attrib name="value" value="1"/></item>
<item name="DOB27" rev="6">
<attrib name="value" value="1"/></item>
<item name="DOB28" rev="6">
<attrib name="value" value="1"/></item>
<item name="DOB29" rev="6">
<attrib name="value" value="1"/></item>
<item name="DOB3" rev="6">
<attrib name="value" value="1"/></item>
<item name="DOB30" rev="6">
<attrib name="value" value="1"/></item>
<item name="DOB31" rev="6">
<attrib name="value" value="1"/></item>
<item name="DOB8" rev="6">
<attrib name="value" value="1"/></item>
<item name="DOB9" rev="6">
<attrib name="value" value="1"/></item>
<item name="DOPA0" rev="6">
<attrib name="value" value="4"/></item>
<item name="DOPA1" rev="6">
<attrib name="value" value="4"/></item>
<item name="ENA" rev="6">
<attrib name="value" value="5"/></item>
<item name="ENB" rev="6">
<attrib name="value" value="5"/></item>
<item name="REGCEA" rev="6">
<attrib name="value" value="5"/></item>
<item name="REGCEB" rev="6">
<attrib name="value" value="5"/></item>
<item name="RSTA" rev="6">
<attrib name="value" value="5"/></item>
<item name="RSTB" rev="6">
<attrib name="value" value="5"/></item>
<item name="WEA0" rev="6">
<attrib name="value" value="5"/></item>
<item name="WEA1" rev="6">
<attrib name="value" value="5"/></item>
<item name="WEA2" rev="6">
<attrib name="value" value="5"/></item>
<item name="WEA3" rev="6">
<attrib name="value" value="5"/></item>
<item name="WEB0" rev="6">
<attrib name="value" value="5"/></item>
<item name="WEB1" rev="6">
<attrib name="value" value="5"/></item>
<item name="WEB2" rev="6">
<attrib name="value" value="5"/></item>
<item name="WEB3" rev="6">
<attrib name="value" value="5"/></item>
</group>
<group name="RAMB8BWER">
<item name="ADDRAWRADDR0" rev="6">
<attrib name="value" value="3"/></item>
<item name="ADDRAWRADDR1" rev="6">
<attrib name="value" value="3"/></item>
<item name="ADDRAWRADDR10" rev="6">
<attrib name="value" value="3"/></item>
<item name="ADDRAWRADDR11" rev="6">
<attrib name="value" value="3"/></item>
<item name="ADDRAWRADDR12" rev="6">
<attrib name="value" value="3"/></item>
<item name="ADDRAWRADDR2" rev="6">
<attrib name="value" value="3"/></item>
<item name="ADDRAWRADDR3" rev="6">
<attrib name="value" value="3"/></item>
<item name="ADDRAWRADDR4" rev="6">
<attrib name="value" value="3"/></item>
<item name="ADDRAWRADDR5" rev="6">
<attrib name="value" value="3"/></item>
<item name="ADDRAWRADDR6" rev="6">
<attrib name="value" value="3"/></item>
<item name="ADDRAWRADDR7" rev="6">
<attrib name="value" value="3"/></item>
<item name="ADDRAWRADDR8" rev="6">
<attrib name="value" value="3"/></item>
<item name="ADDRAWRADDR9" rev="6">
<attrib name="value" value="3"/></item>
<item name="ADDRBRDADDR0" rev="6">
<attrib name="value" value="3"/></item>
<item name="ADDRBRDADDR1" rev="6">
<attrib name="value" value="3"/></item>
<item name="ADDRBRDADDR10" rev="6">
<attrib name="value" value="3"/></item>
<item name="ADDRBRDADDR11" rev="6">
<attrib name="value" value="3"/></item>
<item name="ADDRBRDADDR12" rev="6">
<attrib name="value" value="3"/></item>
<item name="ADDRBRDADDR2" rev="6">
<attrib name="value" value="3"/></item>
<item name="ADDRBRDADDR3" rev="6">
<attrib name="value" value="3"/></item>
<item name="ADDRBRDADDR4" rev="6">
<attrib name="value" value="3"/></item>
<item name="ADDRBRDADDR5" rev="6">
<attrib name="value" value="3"/></item>
<item name="ADDRBRDADDR6" rev="6">
<attrib name="value" value="3"/></item>
<item name="ADDRBRDADDR7" rev="6">
<attrib name="value" value="3"/></item>
<item name="ADDRBRDADDR8" rev="6">
<attrib name="value" value="3"/></item>
<item name="ADDRBRDADDR9" rev="6">
<attrib name="value" value="3"/></item>
<item name="CLKAWRCLK" rev="6">
<attrib name="value" value="3"/></item>
<item name="CLKBRDCLK" rev="6">
<attrib name="value" value="3"/></item>
<item name="DIADI0" rev="6">
<attrib name="value" value="3"/></item>
<item name="DIADI1" rev="6">
<attrib name="value" value="3"/></item>
<item name="DIADI10" rev="6">
<attrib name="value" value="3"/></item>
<item name="DIADI11" rev="6">
<attrib name="value" value="3"/></item>
<item name="DIADI12" rev="6">
<attrib name="value" value="3"/></item>
<item name="DIADI13" rev="6">
<attrib name="value" value="3"/></item>
<item name="DIADI14" rev="6">
<attrib name="value" value="3"/></item>
<item name="DIADI15" rev="6">
<attrib name="value" value="3"/></item>
<item name="DIADI2" rev="6">
<attrib name="value" value="3"/></item>
<item name="DIADI3" rev="6">
<attrib name="value" value="3"/></item>
<item name="DIADI4" rev="6">
<attrib name="value" value="3"/></item>
<item name="DIADI5" rev="6">
<attrib name="value" value="3"/></item>
<item name="DIADI6" rev="6">
<attrib name="value" value="3"/></item>
<item name="DIADI7" rev="6">
<attrib name="value" value="3"/></item>
<item name="DIADI8" rev="6">
<attrib name="value" value="3"/></item>
<item name="DIADI9" rev="6">
<attrib name="value" value="3"/></item>
<item name="DIBDI0" rev="6">
<attrib name="value" value="3"/></item>
<item name="DIBDI1" rev="6">
<attrib name="value" value="3"/></item>
<item name="DIBDI10" rev="6">
<attrib name="value" value="3"/></item>
<item name="DIBDI11" rev="6">
<attrib name="value" value="3"/></item>
<item name="DIBDI12" rev="6">
<attrib name="value" value="3"/></item>
<item name="DIBDI13" rev="6">
<attrib name="value" value="3"/></item>
<item name="DIBDI14" rev="6">
<attrib name="value" value="3"/></item>
<item name="DIBDI15" rev="6">
<attrib name="value" value="3"/></item>
<item name="DIBDI2" rev="6">
<attrib name="value" value="3"/></item>
<item name="DIBDI3" rev="6">
<attrib name="value" value="3"/></item>
<item name="DIBDI4" rev="6">
<attrib name="value" value="3"/></item>
<item name="DIBDI5" rev="6">
<attrib name="value" value="3"/></item>
<item name="DIBDI6" rev="6">
<attrib name="value" value="3"/></item>
<item name="DIBDI7" rev="6">
<attrib name="value" value="3"/></item>
<item name="DIBDI8" rev="6">
<attrib name="value" value="3"/></item>
<item name="DIBDI9" rev="6">
<attrib name="value" value="3"/></item>
<item name="DIPADIP0" rev="6">
<attrib name="value" value="3"/></item>
<item name="DIPADIP1" rev="6">
<attrib name="value" value="3"/></item>
<item name="DIPBDIP0" rev="6">
<attrib name="value" value="3"/></item>
<item name="DIPBDIP1" rev="6">
<attrib name="value" value="3"/></item>
<item name="DOADO0" rev="6">
<attrib name="value" value="2"/></item>
<item name="DOADO1" rev="6">
<attrib name="value" value="2"/></item>
<item name="DOADO10" rev="6">
<attrib name="value" value="1"/></item>
<item name="DOADO11" rev="6">
<attrib name="value" value="1"/></item>
<item name="DOADO12" rev="6">
<attrib name="value" value="1"/></item>
<item name="DOADO13" rev="6">
<attrib name="value" value="1"/></item>
<item name="DOADO14" rev="6">
<attrib name="value" value="1"/></item>
<item name="DOADO15" rev="6">
<attrib name="value" value="1"/></item>
<item name="DOADO2" rev="6">
<attrib name="value" value="2"/></item>
<item name="DOADO3" rev="6">
<attrib name="value" value="2"/></item>
<item name="DOADO4" rev="6">
<attrib name="value" value="2"/></item>
<item name="DOADO5" rev="6">
<attrib name="value" value="2"/></item>
<item name="DOADO6" rev="6">
<attrib name="value" value="2"/></item>
<item name="DOADO7" rev="6">
<attrib name="value" value="2"/></item>
<item name="DOADO8" rev="6">
<attrib name="value" value="1"/></item>
<item name="DOADO9" rev="6">
<attrib name="value" value="1"/></item>
<item name="DOBDO0" rev="6">
<attrib name="value" value="2"/></item>
<item name="DOBDO1" rev="6">
<attrib name="value" value="1"/></item>
<item name="DOBDO10" rev="6">
<attrib name="value" value="2"/></item>
<item name="DOBDO11" rev="6">
<attrib name="value" value="1"/></item>
<item name="DOBDO12" rev="6">
<attrib name="value" value="2"/></item>
<item name="DOBDO13" rev="6">
<attrib name="value" value="1"/></item>
<item name="DOBDO14" rev="6">
<attrib name="value" value="2"/></item>
<item name="DOBDO15" rev="6">
<attrib name="value" value="1"/></item>
<item name="DOBDO2" rev="6">
<attrib name="value" value="2"/></item>
<item name="DOBDO3" rev="6">
<attrib name="value" value="1"/></item>
<item name="DOBDO4" rev="6">
<attrib name="value" value="2"/></item>
<item name="DOBDO5" rev="6">
<attrib name="value" value="1"/></item>
<item name="DOBDO6" rev="6">
<attrib name="value" value="2"/></item>
<item name="DOBDO7" rev="6">
<attrib name="value" value="1"/></item>
<item name="DOBDO8" rev="6">
<attrib name="value" value="2"/></item>
<item name="DOBDO9" rev="6">
<attrib name="value" value="1"/></item>
<item name="DOPADOP0" rev="6">
<attrib name="value" value="1"/></item>
<item name="ENAWREN" rev="6">
<attrib name="value" value="3"/></item>
<item name="ENBRDEN" rev="6">
<attrib name="value" value="3"/></item>
<item name="REGCEA" rev="6">
<attrib name="value" value="3"/></item>
<item name="REGCEBREGCE" rev="6">
<attrib name="value" value="3"/></item>
<item name="RSTA" rev="6">
<attrib name="value" value="3"/></item>
<item name="RSTBRST" rev="6">
<attrib name="value" value="3"/></item>
<item name="WEAWEL0" rev="6">
<attrib name="value" value="3"/></item>
<item name="WEAWEL1" rev="6">
<attrib name="value" value="3"/></item>
<item name="WEBWEU0" rev="6">
<attrib name="value" value="3"/></item>
<item name="WEBWEU1" rev="6">
<attrib name="value" value="3"/></item>
</group>
<group name="IOBM">
<item name="DIFFO_OUT" rev="6">
<attrib name="value" value="4"/></item>
<item name="O" rev="6">
<attrib name="value" value="4"/></item>
<item name="PAD" rev="6">
<attrib name="value" value="4"/></item>
</group>
<group name="RAMB16BWER_RAMB16BWER">
<item name="ADDRA0" rev="6">
<attrib name="value" value="5"/></item>
<item name="ADDRA1" rev="6">
<attrib name="value" value="5"/></item>
<item name="ADDRA10" rev="6">
<attrib name="value" value="5"/></item>
<item name="ADDRA11" rev="6">
<attrib name="value" value="5"/></item>
<item name="ADDRA12" rev="6">
<attrib name="value" value="5"/></item>
<item name="ADDRA13" rev="6">
<attrib name="value" value="5"/></item>
<item name="ADDRA2" rev="6">
<attrib name="value" value="5"/></item>
<item name="ADDRA3" rev="6">
<attrib name="value" value="5"/></item>
<item name="ADDRA4" rev="6">
<attrib name="value" value="5"/></item>
<item name="ADDRA5" rev="6">
<attrib name="value" value="5"/></item>
<item name="ADDRA6" rev="6">
<attrib name="value" value="5"/></item>
<item name="ADDRA7" rev="6">
<attrib name="value" value="5"/></item>
<item name="ADDRA8" rev="6">
<attrib name="value" value="5"/></item>
<item name="ADDRA9" rev="6">
<attrib name="value" value="5"/></item>
<item name="ADDRB0" rev="6">
<attrib name="value" value="5"/></item>
<item name="ADDRB1" rev="6">
<attrib name="value" value="5"/></item>
<item name="ADDRB10" rev="6">
<attrib name="value" value="5"/></item>
<item name="ADDRB11" rev="6">
<attrib name="value" value="5"/></item>
<item name="ADDRB12" rev="6">
<attrib name="value" value="5"/></item>
<item name="ADDRB13" rev="6">
<attrib name="value" value="5"/></item>
<item name="ADDRB2" rev="6">
<attrib name="value" value="5"/></item>
<item name="ADDRB3" rev="6">
<attrib name="value" value="5"/></item>
<item name="ADDRB4" rev="6">
<attrib name="value" value="5"/></item>
<item name="ADDRB5" rev="6">
<attrib name="value" value="5"/></item>
<item name="ADDRB6" rev="6">
<attrib name="value" value="5"/></item>
<item name="ADDRB7" rev="6">
<attrib name="value" value="5"/></item>
<item name="ADDRB8" rev="6">
<attrib name="value" value="5"/></item>
<item name="ADDRB9" rev="6">
<attrib name="value" value="5"/></item>
<item name="CLKA" rev="6">
<attrib name="value" value="5"/></item>
<item name="CLKB" rev="6">
<attrib name="value" value="5"/></item>
<item name="DIA0" rev="6">
<attrib name="value" value="5"/></item>
<item name="DIA1" rev="6">
<attrib name="value" value="5"/></item>
<item name="DIA10" rev="6">
<attrib name="value" value="5"/></item>
<item name="DIA11" rev="6">
<attrib name="value" value="5"/></item>
<item name="DIA12" rev="6">
<attrib name="value" value="5"/></item>
<item name="DIA13" rev="6">
<attrib name="value" value="5"/></item>
<item name="DIA14" rev="6">
<attrib name="value" value="5"/></item>
<item name="DIA15" rev="6">
<attrib name="value" value="5"/></item>
<item name="DIA16" rev="6">
<attrib name="value" value="5"/></item>
<item name="DIA17" rev="6">
<attrib name="value" value="5"/></item>
<item name="DIA18" rev="6">
<attrib name="value" value="5"/></item>
<item name="DIA19" rev="6">
<attrib name="value" value="5"/></item>
<item name="DIA2" rev="6">
<attrib name="value" value="5"/></item>
<item name="DIA20" rev="6">
<attrib name="value" value="5"/></item>
<item name="DIA21" rev="6">
<attrib name="value" value="5"/></item>
<item name="DIA22" rev="6">
<attrib name="value" value="5"/></item>
<item name="DIA23" rev="6">
<attrib name="value" value="5"/></item>
<item name="DIA24" rev="6">
<attrib name="value" value="5"/></item>
<item name="DIA25" rev="6">
<attrib name="value" value="5"/></item>
<item name="DIA26" rev="6">
<attrib name="value" value="5"/></item>
<item name="DIA27" rev="6">
<attrib name="value" value="5"/></item>
<item name="DIA28" rev="6">
<attrib name="value" value="5"/></item>
<item name="DIA29" rev="6">
<attrib name="value" value="5"/></item>
<item name="DIA3" rev="6">
<attrib name="value" value="5"/></item>
<item name="DIA30" rev="6">
<attrib name="value" value="5"/></item>
<item name="DIA31" rev="6">
<attrib name="value" value="5"/></item>
<item name="DIA4" rev="6">
<attrib name="value" value="5"/></item>
<item name="DIA5" rev="6">
<attrib name="value" value="5"/></item>
<item name="DIA6" rev="6">
<attrib name="value" value="5"/></item>
<item name="DIA7" rev="6">
<attrib name="value" value="5"/></item>
<item name="DIA8" rev="6">
<attrib name="value" value="5"/></item>
<item name="DIA9" rev="6">
<attrib name="value" value="5"/></item>
<item name="DIB0" rev="6">
<attrib name="value" value="5"/></item>
<item name="DIB1" rev="6">
<attrib name="value" value="5"/></item>
<item name="DIB10" rev="6">
<attrib name="value" value="5"/></item>
<item name="DIB11" rev="6">
<attrib name="value" value="5"/></item>
<item name="DIB12" rev="6">
<attrib name="value" value="5"/></item>
<item name="DIB13" rev="6">
<attrib name="value" value="5"/></item>
<item name="DIB14" rev="6">
<attrib name="value" value="5"/></item>
<item name="DIB15" rev="6">
<attrib name="value" value="5"/></item>
<item name="DIB16" rev="6">
<attrib name="value" value="5"/></item>
<item name="DIB17" rev="6">
<attrib name="value" value="5"/></item>
<item name="DIB18" rev="6">
<attrib name="value" value="5"/></item>
<item name="DIB19" rev="6">
<attrib name="value" value="5"/></item>
<item name="DIB2" rev="6">
<attrib name="value" value="5"/></item>
<item name="DIB20" rev="6">
<attrib name="value" value="5"/></item>
<item name="DIB21" rev="6">
<attrib name="value" value="5"/></item>
<item name="DIB22" rev="6">
<attrib name="value" value="5"/></item>
<item name="DIB23" rev="6">
<attrib name="value" value="5"/></item>
<item name="DIB24" rev="6">
<attrib name="value" value="5"/></item>
<item name="DIB25" rev="6">
<attrib name="value" value="5"/></item>
<item name="DIB26" rev="6">
<attrib name="value" value="5"/></item>
<item name="DIB27" rev="6">
<attrib name="value" value="5"/></item>
<item name="DIB28" rev="6">
<attrib name="value" value="5"/></item>
<item name="DIB29" rev="6">
<attrib name="value" value="5"/></item>
<item name="DIB3" rev="6">
<attrib name="value" value="5"/></item>
<item name="DIB30" rev="6">
<attrib name="value" value="5"/></item>
<item name="DIB31" rev="6">
<attrib name="value" value="5"/></item>
<item name="DIB4" rev="6">
<attrib name="value" value="5"/></item>
<item name="DIB5" rev="6">
<attrib name="value" value="5"/></item>
<item name="DIB6" rev="6">
<attrib name="value" value="5"/></item>
<item name="DIB7" rev="6">
<attrib name="value" value="5"/></item>
<item name="DIB8" rev="6">
<attrib name="value" value="5"/></item>
<item name="DIB9" rev="6">
<attrib name="value" value="5"/></item>
<item name="DIPA0" rev="6">
<attrib name="value" value="5"/></item>
<item name="DIPA1" rev="6">
<attrib name="value" value="5"/></item>
<item name="DIPA2" rev="6">
<attrib name="value" value="5"/></item>
<item name="DIPA3" rev="6">
<attrib name="value" value="5"/></item>
<item name="DIPB0" rev="6">
<attrib name="value" value="5"/></item>
<item name="DIPB1" rev="6">
<attrib name="value" value="5"/></item>
<item name="DIPB2" rev="6">
<attrib name="value" value="5"/></item>
<item name="DIPB3" rev="6">
<attrib name="value" value="5"/></item>
<item name="DOA0" rev="6">
<attrib name="value" value="4"/></item>
<item name="DOA1" rev="6">
<attrib name="value" value="4"/></item>
<item name="DOA10" rev="6">
<attrib name="value" value="4"/></item>
<item name="DOA11" rev="6">
<attrib name="value" value="4"/></item>
<item name="DOA12" rev="6">
<attrib name="value" value="4"/></item>
<item name="DOA13" rev="6">
<attrib name="value" value="4"/></item>
<item name="DOA14" rev="6">
<attrib name="value" value="4"/></item>
<item name="DOA15" rev="6">
<attrib name="value" value="4"/></item>
<item name="DOA2" rev="6">
<attrib name="value" value="4"/></item>
<item name="DOA3" rev="6">
<attrib name="value" value="4"/></item>
<item name="DOA4" rev="6">
<attrib name="value" value="4"/></item>
<item name="DOA5" rev="6">
<attrib name="value" value="4"/></item>
<item name="DOA6" rev="6">
<attrib name="value" value="4"/></item>
<item name="DOA7" rev="6">
<attrib name="value" value="4"/></item>
<item name="DOA8" rev="6">
<attrib name="value" value="4"/></item>
<item name="DOA9" rev="6">
<attrib name="value" value="4"/></item>
<item name="DOB0" rev="6">
<attrib name="value" value="1"/></item>
<item name="DOB1" rev="6">
<attrib name="value" value="1"/></item>
<item name="DOB10" rev="6">
<attrib name="value" value="1"/></item>
<item name="DOB11" rev="6">
<attrib name="value" value="1"/></item>
<item name="DOB12" rev="6">
<attrib name="value" value="1"/></item>
<item name="DOB13" rev="6">
<attrib name="value" value="1"/></item>
<item name="DOB14" rev="6">
<attrib name="value" value="1"/></item>
<item name="DOB15" rev="6">
<attrib name="value" value="1"/></item>
<item name="DOB16" rev="6">
<attrib name="value" value="1"/></item>
<item name="DOB17" rev="6">
<attrib name="value" value="1"/></item>
<item name="DOB18" rev="6">
<attrib name="value" value="1"/></item>
<item name="DOB19" rev="6">
<attrib name="value" value="1"/></item>
<item name="DOB2" rev="6">
<attrib name="value" value="1"/></item>
<item name="DOB20" rev="6">
<attrib name="value" value="1"/></item>
<item name="DOB21" rev="6">
<attrib name="value" value="1"/></item>
<item name="DOB22" rev="6">
<attrib name="value" value="1"/></item>
<item name="DOB23" rev="6">
<attrib name="value" value="1"/></item>
<item name="DOB24" rev="6">
<attrib name="value" value="1"/></item>
<item name="DOB25" rev="6">
<attrib name="value" value="1"/></item>
<item name="DOB26" rev="6">
<attrib name="value" value="1"/></item>
<item name="DOB27" rev="6">
<attrib name="value" value="1"/></item>
<item name="DOB28" rev="6">
<attrib name="value" value="1"/></item>
<item name="DOB29" rev="6">
<attrib name="value" value="1"/></item>
<item name="DOB3" rev="6">
<attrib name="value" value="1"/></item>
<item name="DOB30" rev="6">
<attrib name="value" value="1"/></item>
<item name="DOB31" rev="6">
<attrib name="value" value="1"/></item>
<item name="DOB8" rev="6">
<attrib name="value" value="1"/></item>
<item name="DOB9" rev="6">
<attrib name="value" value="1"/></item>
<item name="DOPA0" rev="6">
<attrib name="value" value="4"/></item>
<item name="DOPA1" rev="6">
<attrib name="value" value="4"/></item>
<item name="ENA" rev="6">
<attrib name="value" value="5"/></item>
<item name="ENB" rev="6">
<attrib name="value" value="5"/></item>
<item name="REGCEA" rev="6">
<attrib name="value" value="5"/></item>
<item name="REGCEB" rev="6">
<attrib name="value" value="5"/></item>
<item name="RSTA" rev="6">
<attrib name="value" value="5"/></item>
<item name="RSTB" rev="6">
<attrib name="value" value="5"/></item>
<item name="WEA0" rev="6">
<attrib name="value" value="5"/></item>
<item name="WEA1" rev="6">
<attrib name="value" value="5"/></item>
<item name="WEA2" rev="6">
<attrib name="value" value="5"/></item>
<item name="WEA3" rev="6">
<attrib name="value" value="5"/></item>
<item name="WEB0" rev="6">
<attrib name="value" value="5"/></item>
<item name="WEB1" rev="6">
<attrib name="value" value="5"/></item>
<item name="WEB2" rev="6">
<attrib name="value" value="5"/></item>
<item name="WEB3" rev="6">
<attrib name="value" value="5"/></item>
</group>
<group name="CARRY4">
<item name="CIN" rev="6">
<attrib name="value" value="106"/></item>
<item name="CO0" rev="6">
<attrib name="value" value="5"/></item>
<item name="CO1" rev="6">
<attrib name="value" value="4"/></item>
<item name="CO2" rev="6">
<attrib name="value" value="8"/></item>
<item name="CO3" rev="6">
<attrib name="value" value="106"/></item>
<item name="CYINIT" rev="6">
<attrib name="value" value="38"/></item>
<item name="DI0" rev="6">
<attrib name="value" value="131"/></item>
<item name="DI1" rev="6">
<attrib name="value" value="122"/></item>
<item name="DI2" rev="6">
<attrib name="value" value="116"/></item>
<item name="DI3" rev="6">
<attrib name="value" value="102"/></item>
<item name="O0" rev="6">
<attrib name="value" value="99"/></item>
<item name="O1" rev="6">
<attrib name="value" value="98"/></item>
<item name="O2" rev="6">
<attrib name="value" value="92"/></item>
<item name="O3" rev="6">
<attrib name="value" value="89"/></item>
<item name="S0" rev="6">
<attrib name="value" value="144"/></item>
<item name="S1" rev="6">
<attrib name="value" value="138"/></item>
<item name="S2" rev="6">
<attrib name="value" value="128"/></item>
<item name="S3" rev="6">
<attrib name="value" value="117"/></item>
</group>
<group name="IOBS">
<item name="DIFFO_IN" rev="6">
<attrib name="value" value="4"/></item>
<item name="PAD" rev="6">
<attrib name="value" value="4"/></item>
</group>
<group name="LUT5">
<item name="A1" rev="6">
<attrib name="value" value="83"/></item>
<item name="A2" rev="6">
<attrib name="value" value="173"/></item>
<item name="A3" rev="6">
<attrib name="value" value="233"/></item>
<item name="A4" rev="6">
<attrib name="value" value="203"/></item>
<item name="A5" rev="6">
<attrib name="value" value="567"/></item>
<item name="O5" rev="6">
<attrib name="value" value="1011"/></item>
</group>
<group name="LUT6">
<item name="A1" rev="6">
<attrib name="value" value="352"/></item>
<item name="A2" rev="6">
<attrib name="value" value="507"/></item>
<item name="A3" rev="6">
<attrib name="value" value="650"/></item>
<item name="A4" rev="6">
<attrib name="value" value="1015"/></item>
<item name="A5" rev="6">
<attrib name="value" value="898"/></item>
<item name="A6" rev="6">
<attrib name="value" value="1091"/></item>
<item name="O6" rev="6">
<attrib name="value" value="1136"/></item>
</group>
<group name="RAMB8BWER_RAMB8BWER">
<item name="ADDRAWRADDR0" rev="6">
<attrib name="value" value="3"/></item>
<item name="ADDRAWRADDR1" rev="6">
<attrib name="value" value="3"/></item>
<item name="ADDRAWRADDR10" rev="6">
<attrib name="value" value="3"/></item>
<item name="ADDRAWRADDR11" rev="6">
<attrib name="value" value="3"/></item>
<item name="ADDRAWRADDR12" rev="6">
<attrib name="value" value="3"/></item>
<item name="ADDRAWRADDR2" rev="6">
<attrib name="value" value="3"/></item>
<item name="ADDRAWRADDR3" rev="6">
<attrib name="value" value="3"/></item>
<item name="ADDRAWRADDR4" rev="6">
<attrib name="value" value="3"/></item>
<item name="ADDRAWRADDR5" rev="6">
<attrib name="value" value="3"/></item>
<item name="ADDRAWRADDR6" rev="6">
<attrib name="value" value="3"/></item>
<item name="ADDRAWRADDR7" rev="6">
<attrib name="value" value="3"/></item>
<item name="ADDRAWRADDR8" rev="6">
<attrib name="value" value="3"/></item>
<item name="ADDRAWRADDR9" rev="6">
<attrib name="value" value="3"/></item>
<item name="ADDRBRDADDR0" rev="6">
<attrib name="value" value="3"/></item>
<item name="ADDRBRDADDR1" rev="6">
<attrib name="value" value="3"/></item>
<item name="ADDRBRDADDR10" rev="6">
<attrib name="value" value="3"/></item>
<item name="ADDRBRDADDR11" rev="6">
<attrib name="value" value="3"/></item>
<item name="ADDRBRDADDR12" rev="6">
<attrib name="value" value="3"/></item>
<item name="ADDRBRDADDR2" rev="6">
<attrib name="value" value="3"/></item>
<item name="ADDRBRDADDR3" rev="6">
<attrib name="value" value="3"/></item>
<item name="ADDRBRDADDR4" rev="6">
<attrib name="value" value="3"/></item>
<item name="ADDRBRDADDR5" rev="6">
<attrib name="value" value="3"/></item>
<item name="ADDRBRDADDR6" rev="6">
<attrib name="value" value="3"/></item>
<item name="ADDRBRDADDR7" rev="6">
<attrib name="value" value="3"/></item>
<item name="ADDRBRDADDR8" rev="6">
<attrib name="value" value="3"/></item>
<item name="ADDRBRDADDR9" rev="6">
<attrib name="value" value="3"/></item>
<item name="CLKAWRCLK" rev="6">
<attrib name="value" value="3"/></item>
<item name="CLKBRDCLK" rev="6">
<attrib name="value" value="3"/></item>
<item name="DIADI0" rev="6">
<attrib name="value" value="3"/></item>
<item name="DIADI1" rev="6">
<attrib name="value" value="3"/></item>
<item name="DIADI10" rev="6">
<attrib name="value" value="3"/></item>
<item name="DIADI11" rev="6">
<attrib name="value" value="3"/></item>
<item name="DIADI12" rev="6">
<attrib name="value" value="3"/></item>
<item name="DIADI13" rev="6">
<attrib name="value" value="3"/></item>
<item name="DIADI14" rev="6">
<attrib name="value" value="3"/></item>
<item name="DIADI15" rev="6">
<attrib name="value" value="3"/></item>
<item name="DIADI2" rev="6">
<attrib name="value" value="3"/></item>
<item name="DIADI3" rev="6">
<attrib name="value" value="3"/></item>
<item name="DIADI4" rev="6">
<attrib name="value" value="3"/></item>
<item name="DIADI5" rev="6">
<attrib name="value" value="3"/></item>
<item name="DIADI6" rev="6">
<attrib name="value" value="3"/></item>
<item name="DIADI7" rev="6">
<attrib name="value" value="3"/></item>
<item name="DIADI8" rev="6">
<attrib name="value" value="3"/></item>
<item name="DIADI9" rev="6">
<attrib name="value" value="3"/></item>
<item name="DIBDI0" rev="6">
<attrib name="value" value="3"/></item>
<item name="DIBDI1" rev="6">
<attrib name="value" value="3"/></item>
<item name="DIBDI10" rev="6">
<attrib name="value" value="3"/></item>
<item name="DIBDI11" rev="6">
<attrib name="value" value="3"/></item>
<item name="DIBDI12" rev="6">
<attrib name="value" value="3"/></item>
<item name="DIBDI13" rev="6">
<attrib name="value" value="3"/></item>
<item name="DIBDI14" rev="6">
<attrib name="value" value="3"/></item>
<item name="DIBDI15" rev="6">
<attrib name="value" value="3"/></item>
<item name="DIBDI2" rev="6">
<attrib name="value" value="3"/></item>
<item name="DIBDI3" rev="6">
<attrib name="value" value="3"/></item>
<item name="DIBDI4" rev="6">
<attrib name="value" value="3"/></item>
<item name="DIBDI5" rev="6">
<attrib name="value" value="3"/></item>
<item name="DIBDI6" rev="6">
<attrib name="value" value="3"/></item>
<item name="DIBDI7" rev="6">
<attrib name="value" value="3"/></item>
<item name="DIBDI8" rev="6">
<attrib name="value" value="3"/></item>
<item name="DIBDI9" rev="6">
<attrib name="value" value="3"/></item>
<item name="DIPADIP0" rev="6">
<attrib name="value" value="3"/></item>
<item name="DIPADIP1" rev="6">
<attrib name="value" value="3"/></item>
<item name="DIPBDIP0" rev="6">
<attrib name="value" value="3"/></item>
<item name="DIPBDIP1" rev="6">
<attrib name="value" value="3"/></item>
<item name="DOADO0" rev="6">
<attrib name="value" value="2"/></item>
<item name="DOADO1" rev="6">
<attrib name="value" value="2"/></item>
<item name="DOADO10" rev="6">
<attrib name="value" value="1"/></item>
<item name="DOADO11" rev="6">
<attrib name="value" value="1"/></item>
<item name="DOADO12" rev="6">
<attrib name="value" value="1"/></item>
<item name="DOADO13" rev="6">
<attrib name="value" value="1"/></item>
<item name="DOADO14" rev="6">
<attrib name="value" value="1"/></item>
<item name="DOADO15" rev="6">
<attrib name="value" value="1"/></item>
<item name="DOADO2" rev="6">
<attrib name="value" value="2"/></item>
<item name="DOADO3" rev="6">
<attrib name="value" value="2"/></item>
<item name="DOADO4" rev="6">
<attrib name="value" value="2"/></item>
<item name="DOADO5" rev="6">
<attrib name="value" value="2"/></item>
<item name="DOADO6" rev="6">
<attrib name="value" value="2"/></item>
<item name="DOADO7" rev="6">
<attrib name="value" value="2"/></item>
<item name="DOADO8" rev="6">
<attrib name="value" value="1"/></item>
<item name="DOADO9" rev="6">
<attrib name="value" value="1"/></item>
<item name="DOBDO0" rev="6">
<attrib name="value" value="2"/></item>
<item name="DOBDO1" rev="6">
<attrib name="value" value="1"/></item>
<item name="DOBDO10" rev="6">
<attrib name="value" value="2"/></item>
<item name="DOBDO11" rev="6">
<attrib name="value" value="1"/></item>
<item name="DOBDO12" rev="6">
<attrib name="value" value="2"/></item>
<item name="DOBDO13" rev="6">
<attrib name="value" value="1"/></item>
<item name="DOBDO14" rev="6">
<attrib name="value" value="2"/></item>
<item name="DOBDO15" rev="6">
<attrib name="value" value="1"/></item>
<item name="DOBDO2" rev="6">
<attrib name="value" value="2"/></item>
<item name="DOBDO3" rev="6">
<attrib name="value" value="1"/></item>
<item name="DOBDO4" rev="6">
<attrib name="value" value="2"/></item>
<item name="DOBDO5" rev="6">
<attrib name="value" value="1"/></item>
<item name="DOBDO6" rev="6">
<attrib name="value" value="2"/></item>
<item name="DOBDO7" rev="6">
<attrib name="value" value="1"/></item>
<item name="DOBDO8" rev="6">
<attrib name="value" value="2"/></item>
<item name="DOBDO9" rev="6">
<attrib name="value" value="1"/></item>
<item name="DOPADOP0" rev="6">
<attrib name="value" value="1"/></item>
<item name="ENAWREN" rev="6">
<attrib name="value" value="3"/></item>
<item name="ENBRDEN" rev="6">
<attrib name="value" value="3"/></item>
<item name="REGCEA" rev="6">
<attrib name="value" value="3"/></item>
<item name="REGCEBREGCE" rev="6">
<attrib name="value" value="3"/></item>
<item name="RSTA" rev="6">
<attrib name="value" value="3"/></item>
<item name="RSTBRST" rev="6">
<attrib name="value" value="3"/></item>
<item name="WEAWEL0" rev="6">
<attrib name="value" value="3"/></item>
<item name="WEAWEL1" rev="6">
<attrib name="value" value="3"/></item>
<item name="WEBWEU0" rev="6">
<attrib name="value" value="3"/></item>
<item name="WEBWEU1" rev="6">
<attrib name="value" value="3"/></item>
</group>
<group name="SELMUX2_1">
<item name="0" rev="6">
<attrib name="value" value="36"/></item>
<item name="1" rev="6">
<attrib name="value" value="34"/></item>
<item name="OUT" rev="6">
<attrib name="value" value="36"/></item>
<item name="S0" rev="6">
<attrib name="value" value="36"/></item>
</group>
<group name="IOB_IMUX">
<item name="I" rev="6">
<attrib name="value" value="39"/></item>
<item name="OUT" rev="6">
<attrib name="value" value="39"/></item>
</group>
<group name="ILOGIC2">
<item name="CLK0" rev="6">
<attrib name="value" value="2"/></item>
<item name="D" rev="6">
<attrib name="value" value="2"/></item>
<item name="Q4" rev="6">
<attrib name="value" value="2"/></item>
</group>
<group name="PLL_ADV_PLL_ADV">
<item name="CLKFBIN" rev="6">
<attrib name="value" value="1"/></item>
<item name="CLKFBOUT" rev="6">
<attrib name="value" value="1"/></item>
<item name="CLKIN1" rev="6">
<attrib name="value" value="1"/></item>
<item name="CLKOUT0" rev="6">
<attrib name="value" value="1"/></item>
<item name="CLKOUT1" rev="6">
<attrib name="value" value="1"/></item>
<item name="CLKOUT2" rev="6">
<attrib name="value" value="1"/></item>
<item name="RST" rev="6">
<attrib name="value" value="1"/></item>
</group>
<group name="IOB">
<item name="DIFFI_IN" rev="6">
<attrib name="value" value="3"/></item>
<item name="I" rev="6">
<attrib name="value" value="39"/></item>
<item name="O" rev="6">
<attrib name="value" value="43"/></item>
<item name="PAD" rev="6">
<attrib name="value" value="83"/></item>
<item name="PADOUT" rev="6">
<attrib name="value" value="3"/></item>
<item name="T" rev="6">
<attrib name="value" value="2"/></item>
</group>
<group name="OLOGIC2_OUTFF">
<item name="CE" rev="6">
<attrib name="value" value="4"/></item>
<item name="CK0" rev="6">
<attrib name="value" value="5"/></item>
<item name="CK1" rev="6">
<attrib name="value" value="4"/></item>
<item name="D1" rev="6">
<attrib name="value" value="5"/></item>
<item name="D2" rev="6">
<attrib name="value" value="4"/></item>
<item name="Q" rev="6">
<attrib name="value" value="5"/></item>
<item name="SR" rev="6">
<attrib name="value" value="4"/></item>
</group>
<group name="HARD0">
<item name="0" rev="6">
<attrib name="value" value="8"/></item>
</group>
<group name="HARD1">
<item name="1" rev="6">
<attrib name="value" value="28"/></item>
</group>
<group name="FF_SR">
<item name="CE" rev="6">
<attrib name="value" value="120"/></item>
<item name="CK" rev="6">
<attrib name="value" value="549"/></item>
<item name="D" rev="6">
<attrib name="value" value="549"/></item>
<item name="Q" rev="6">
<attrib name="value" value="549"/></item>
<item name="SR" rev="6">
<attrib name="value" value="151"/></item>
</group>
<group name="BUFG">
<item name="I0" rev="6">
<attrib name="value" value="7"/></item>
<item name="O" rev="6">
<attrib name="value" value="7"/></item>
</group>
</ReportPinData>
<CmdHistory>
</CmdHistory>
</DeviceUsageSummary>
